vendor_id,order_date,product_name,quantity,delivery_location,payment_method,price
V009,2024-12-07 21:41:12.395045,Tomatoes,56,Kasarani,M-PESA,83.86870685912965
V009,2024-12-07 21:41:12.395045,Onions,88,Westlands,M-PESA,71.75204340073901
V009,2024-12-07 21:41:12.395045,Bananas,44,Westlands,Cash,30.578736756600733
V014,2024-12-07 21:41:12.395045,Rice,36,Kasarani,Soko Loan,116.27406249514313
V018,2024-12-07 21:41:12.395045,Onions,90,Eastleigh,Cash,63.364778382802896
V018,2024-12-07 21:41:12.395045,Onions,67,Karen,M-PESA,64.61656357939724
V026,2024-12-07 21:41:12.395045,Rice,67,Kasarani,Soko Loan,112.64537430196964
V028,2024-12-07 21:41:12.395045,Bananas,25,Karen,Soko Loan,27.75922694380547
V028,2024-12-07 21:41:12.395045,Cabbage,25,Kasarani,Cash,42.187138889065395
V035,2024-12-07 21:41:12.395045,Potatoes,9,Westlands,Soko Loan,34.420334209311235
V036,2024-12-07 21:41:12.395045,Bananas,92,Zimmerman,Cash,33.096750362658895
V039,2024-12-07 21:41:12.395045,Cabbage,23,Kasarani,Soko Loan,42.9335342144101
V041,2024-12-07 21:41:12.395045,Onions,92,Githurai,Cash,61.58102066094693
V052,2024-12-07 21:41:12.395045,Cabbage,41,Zimmerman,Cash,43.409585714355586
V054,2024-12-07 21:41:12.395045,Rice,76,Zimmerman,Cash,110.02224188392375
V057,2024-12-07 21:41:12.395045,Tomatoes,61,Nairobi CBD,Soko Loan,88.05407441989121
V058,2024-12-07 21:41:12.395045,Rice,74,Kasarani,M-PESA,125.97311560713273
V060,2024-12-07 21:41:12.395045,Cabbage,32,Githurai,Cash,40.59587097353144
V062,2024-12-07 21:41:12.395045,Rice,64,Westlands,M-PESA,119.0011727885245
V062,2024-12-07 21:41:12.395045,Cabbage,16,Zimmerman,Cash,42.333328226493265
V063,2024-12-07 21:41:12.395045,Rice,23,Karen,M-PESA,121.76000926859257
V064,2024-12-07 21:41:12.395045,Tomatoes,66,Zimmerman,M-PESA,99.80664607587296
V064,2024-12-07 21:41:12.395045,Bananas,24,Westlands,Cash,25.77187530226468
V066,2024-12-07 21:41:12.395045,Onions,86,Kibera,Bank Transfer,68.99191709488075
V067,2024-12-07 21:41:12.395045,Tomatoes,90,Kibera,Soko Loan,90.80557786374843
V074,2024-12-07 21:41:12.395045,Rice,61,Kasarani,Soko Loan,118.37390286655369
V075,2024-12-07 21:41:12.395045,Rice,62,Karen,Soko Loan,112.10966854922071
V076,2024-12-07 21:41:12.395045,Rice,86,Zimmerman,Bank Transfer,124.99719862576538
V080,2024-12-07 21:41:12.395045,Tomatoes,76,Kibera,Cash,83.22734716776766
V091,2024-12-07 21:41:12.395045,Potatoes,93,Westlands,Soko Loan,34.67681212484877
V096,2024-12-07 21:41:12.395045,Onions,64,Kibera,Soko Loan,68.98948930509583
V097,2024-12-07 21:41:12.395045,Potatoes,54,Githurai,Cash,39.653027236304
V099,2024-12-07 21:41:12.395045,Cabbage,91,Westlands,Soko Loan,48.2025331894489
V001,2024-12-08 21:41:12.395045,Maize,76,Kibera,Bank Transfer,54.92514620161971
V003,2024-12-08 21:41:12.395045,Maize,96,Githurai,Cash,52.28370854339646
V008,2024-12-08 21:41:12.395045,Bananas,45,Kibera,M-PESA,25.40258003009232
V013,2024-12-08 21:41:12.395045,Onions,37,Githurai,Soko Loan,62.94441453466601
V013,2024-12-08 21:41:12.395045,Onions,57,Githurai,M-PESA,63.84287271659032
V015,2024-12-08 21:41:12.395045,Rice,24,Eastleigh,M-PESA,123.59394433666691
V016,2024-12-08 21:41:12.395045,Rice,45,Kasarani,Soko Loan,114.93922333983785
V022,2024-12-08 21:41:12.395045,Tomatoes,7,Nairobi CBD,Soko Loan,98.69459830976602
V023,2024-12-08 21:41:12.395045,Onions,38,Zimmerman,M-PESA,64.24926605238866
V026,2024-12-08 21:41:12.395045,Rice,90,Githurai,Cash,129.79010666768644
V032,2024-12-08 21:41:12.395045,Potatoes,18,Eastleigh,M-PESA,31.992196858370765
V034,2024-12-08 21:41:12.395045,Maize,99,Zimmerman,M-PESA,49.71739837518439
V035,2024-12-08 21:41:12.395045,Cabbage,84,Nairobi CBD,M-PESA,48.32611773326131
V037,2024-12-08 21:41:12.395045,Bananas,40,Githurai,Soko Loan,31.594229620819974
V038,2024-12-08 21:41:12.395045,Potatoes,50,Kasarani,M-PESA,30.973668937912212
V039,2024-12-08 21:41:12.395045,Potatoes,72,Kibera,Cash,39.74690596048551
V042,2024-12-08 21:41:12.395045,Onions,54,Nairobi CBD,Soko Loan,74.56410374406929
V049,2024-12-08 21:41:12.395045,Bananas,13,Nairobi CBD,Cash,29.88177675310814
V052,2024-12-08 21:41:12.395045,Potatoes,44,Nairobi CBD,M-PESA,32.511692675484014
V052,2024-12-08 21:41:12.395045,Cabbage,49,Githurai,Cash,48.87468940212882
V054,2024-12-08 21:41:12.395045,Onions,85,Eastleigh,M-PESA,74.53982718426269
V054,2024-12-08 21:41:12.395045,Cabbage,53,Zimmerman,Cash,43.412444497577205
V061,2024-12-08 21:41:12.395045,Cabbage,25,Zimmerman,Cash,42.96612482157093
V061,2024-12-08 21:41:12.395045,Maize,6,Kasarani,Soko Loan,50.03345130606154
V062,2024-12-08 21:41:12.395045,Onions,7,Nairobi CBD,M-PESA,67.3446611404805
V069,2024-12-08 21:41:12.395045,Onions,62,Zimmerman,M-PESA,71.69731326015102
V073,2024-12-08 21:41:12.395045,Cabbage,44,Kibera,Cash,47.253716002348575
V074,2024-12-08 21:41:12.395045,Maize,8,Eastleigh,M-PESA,46.352173137128545
V075,2024-12-08 21:41:12.395045,Cabbage,16,Eastleigh,M-PESA,42.52314736135153
V081,2024-12-08 21:41:12.395045,Rice,43,Githurai,Cash,125.84382389603353
V084,2024-12-08 21:41:12.395045,Maize,12,Nairobi CBD,Soko Loan,51.05996967271025
V085,2024-12-08 21:41:12.395045,Potatoes,37,Githurai,Soko Loan,31.718294603576584
V089,2024-12-08 21:41:12.395045,Onions,35,Githurai,Soko Loan,65.87865844415863
V092,2024-12-08 21:41:12.395045,Rice,62,Westlands,Cash,117.6190369004695
V092,2024-12-08 21:41:12.395045,Onions,50,Zimmerman,Soko Loan,60.70795052546068
V096,2024-12-08 21:41:12.395045,Bananas,43,Eastleigh,Bank Transfer,27.267726253196457
V001,2024-12-09 21:41:12.395045,Onions,58,Zimmerman,M-PESA,62.19031528945444
V003,2024-12-09 21:41:12.395045,Cabbage,97,Westlands,M-PESA,41.31686903436207
V006,2024-12-09 21:41:12.395045,Potatoes,72,Kibera,Soko Loan,37.83161430923697
V008,2024-12-09 21:41:12.395045,Maize,65,Nairobi CBD,Cash,50.71607649482944
V009,2024-12-09 21:41:12.395045,Rice,20,Eastleigh,M-PESA,125.59033402848127
V012,2024-12-09 21:41:12.395045,Maize,39,Githurai,M-PESA,53.730431470152034
V016,2024-12-09 21:41:12.395045,Maize,46,Nairobi CBD,M-PESA,53.143867792687615
V016,2024-12-09 21:41:12.395045,Potatoes,96,Nairobi CBD,Cash,36.843142489253445
V016,2024-12-09 21:41:12.395045,Cabbage,46,Karen,Soko Loan,43.35371606217463
V017,2024-12-09 21:41:12.395045,Onions,91,Eastleigh,Soko Loan,61.60201056003545
V018,2024-12-09 21:41:12.395045,Bananas,62,Kibera,Soko Loan,34.31740403316508
V027,2024-12-09 21:41:12.395045,Potatoes,81,Westlands,Cash,38.19624869547645
V033,2024-12-09 21:41:12.395045,Bananas,68,Zimmerman,Soko Loan,31.73092130911217
V034,2024-12-09 21:41:12.395045,Maize,70,Westlands,M-PESA,46.64286843272409
V044,2024-12-09 21:41:12.395045,Tomatoes,82,Kasarani,Soko Loan,97.3220309075567
V051,2024-12-09 21:41:12.395045,Rice,12,Nairobi CBD,Cash,115.82722145675488
V052,2024-12-09 21:41:12.395045,Tomatoes,26,Kibera,M-PESA,84.93714055191465
V055,2024-12-09 21:41:12.395045,Potatoes,90,Eastleigh,Cash,34.580286165838686
V056,2024-12-09 21:41:12.395045,Rice,33,Eastleigh,Soko Loan,110.26457625810588
V057,2024-12-09 21:41:12.395045,Cabbage,72,Westlands,Soko Loan,41.3730003271557
V058,2024-12-09 21:41:12.395045,Potatoes,16,Kibera,Soko Loan,35.546870247883675
V062,2024-12-09 21:41:12.395045,Tomatoes,40,Githurai,Cash,87.86207815118802
V062,2024-12-09 21:41:12.395045,Onions,33,Kasarani,Soko Loan,61.223980800072574
V067,2024-12-09 21:41:12.395045,Rice,13,Githurai,M-PESA,124.04214908227586
V069,2024-12-09 21:41:12.395045,Rice,26,Kasarani,Soko Loan,115.96544908468246
V075,2024-12-09 21:41:12.395045,Maize,8,Githurai,M-PESA,51.790666044956374
V084,2024-12-09 21:41:12.395045,Bananas,58,Kibera,M-PESA,29.077780344061626
V085,2024-12-09 21:41:12.395045,Cabbage,81,Eastleigh,Soko Loan,45.29940586930233
V086,2024-12-09 21:41:12.395045,Cabbage,45,Eastleigh,Bank Transfer,42.89439521619488
V089,2024-12-09 21:41:12.395045,Cabbage,94,Nairobi CBD,Soko Loan,45.21377021473741
V091,2024-12-09 21:41:12.395045,Maize,76,Eastleigh,Cash,53.188692705204716
V094,2024-12-09 21:41:12.395045,Potatoes,90,Eastleigh,M-PESA,36.66521976693035
V002,2024-12-10 21:41:12.395045,Tomatoes,68,Kasarani,M-PESA,80.32486886418907
V003,2024-12-10 21:41:12.395045,Potatoes,33,Eastleigh,Soko Loan,36.9783278550517
V005,2024-12-10 21:41:12.395045,Potatoes,10,Githurai,Soko Loan,39.95734452051323
V008,2024-12-10 21:41:12.395045,Maize,77,Nairobi CBD,M-PESA,50.111136384895005
V013,2024-12-10 21:41:12.395045,Bananas,89,Kasarani,Soko Loan,25.511502056203977
V016,2024-12-10 21:41:12.395045,Tomatoes,18,Kasarani,M-PESA,85.08962663236521
V016,2024-12-10 21:41:12.395045,Bananas,92,Karen,Cash,32.00611496394452
V017,2024-12-10 21:41:12.395045,Potatoes,40,Nairobi CBD,Cash,31.034341148604835
V045,2024-12-10 21:41:12.395045,Maize,17,Eastleigh,M-PESA,52.240291887729214
V048,2024-12-10 21:41:12.395045,Bananas,53,Zimmerman,Cash,31.45572181427428
V049,2024-12-10 21:41:12.395045,Onions,43,Karen,Soko Loan,69.34130104859761
V051,2024-12-10 21:41:12.395045,Potatoes,25,Westlands,M-PESA,31.630191138148863
V052,2024-12-10 21:41:12.395045,Onions,59,Nairobi CBD,M-PESA,63.7953951138038
V054,2024-12-10 21:41:12.395045,Cabbage,38,Westlands,Bank Transfer,44.261212379522306
V057,2024-12-10 21:41:12.395045,Tomatoes,24,Nairobi CBD,M-PESA,89.62555902438474
V057,2024-12-10 21:41:12.395045,Maize,25,Kasarani,Soko Loan,53.61445686021324
V059,2024-12-10 21:41:12.395045,Maize,48,Nairobi CBD,Soko Loan,50.0027853520776
V060,2024-12-10 21:41:12.395045,Cabbage,97,Karen,Cash,49.26463797956185
V062,2024-12-10 21:41:12.395045,Potatoes,70,Eastleigh,Soko Loan,30.064643577897105
V064,2024-12-10 21:41:12.395045,Tomatoes,32,Zimmerman,Bank Transfer,96.01877443082861
V065,2024-12-10 21:41:12.395045,Tomatoes,12,Westlands,Soko Loan,88.05478969493662
V071,2024-12-10 21:41:12.395045,Onions,79,Eastleigh,Bank Transfer,68.58184445583309
V080,2024-12-10 21:41:12.395045,Cabbage,88,Kibera,Bank Transfer,45.44630871107136
V087,2024-12-10 21:41:12.395045,Rice,69,Karen,Cash,118.8421406935944
V089,2024-12-10 21:41:12.395045,Bananas,98,Westlands,Soko Loan,25.41578959846594
V091,2024-12-10 21:41:12.395045,Potatoes,88,Kibera,Cash,37.99157971104782
V097,2024-12-10 21:41:12.395045,Rice,38,Kasarani,M-PESA,110.2579493957905
V099,2024-12-10 21:41:12.395045,Bananas,18,Nairobi CBD,M-PESA,30.7849250822933
V099,2024-12-10 21:41:12.395045,Onions,96,Karen,Soko Loan,67.07474236125893
V001,2024-12-11 21:41:12.395045,Bananas,87,Kasarani,M-PESA,27.598281379402994
V002,2024-12-11 21:41:12.395045,Potatoes,64,Eastleigh,Soko Loan,39.04243291407565
V002,2024-12-11 21:41:12.395045,Cabbage,12,Eastleigh,M-PESA,46.796331823951434
V002,2024-12-11 21:41:12.395045,Onions,59,Kibera,Bank Transfer,67.49938487947182
V003,2024-12-11 21:41:12.395045,Maize,67,Eastleigh,M-PESA,51.02449441966588
V005,2024-12-11 21:41:12.395045,Potatoes,17,Karen,Soko Loan,39.34433038753441
V007,2024-12-11 21:41:12.395045,Onions,85,Githurai,M-PESA,71.06926421096388
V009,2024-12-11 21:41:12.395045,Potatoes,51,Kibera,M-PESA,37.201574609309404
V009,2024-12-11 21:41:12.395045,Bananas,80,Zimmerman,Cash,33.591117576469166
V015,2024-12-11 21:41:12.395045,Cabbage,36,Zimmerman,M-PESA,48.18380424779535
V017,2024-12-11 21:41:12.395045,Rice,69,Nairobi CBD,M-PESA,110.50697208527878
V019,2024-12-11 21:41:12.395045,Rice,6,Kibera,Cash,120.23414894229401
V023,2024-12-11 21:41:12.395045,Bananas,12,Kasarani,M-PESA,28.450168399245662
V033,2024-12-11 21:41:12.395045,Cabbage,7,Karen,Bank Transfer,48.664231835397004
V034,2024-12-11 21:41:12.395045,Rice,47,Kibera,Cash,117.49649848699995
V036,2024-12-11 21:41:12.395045,Rice,68,Westlands,Soko Loan,120.88689775268642
V038,2024-12-11 21:41:12.395045,Tomatoes,59,Karen,Cash,95.66595965912096
V044,2024-12-11 21:41:12.395045,Cabbage,74,Zimmerman,Cash,43.960009663856155
V047,2024-12-11 21:41:12.395045,Potatoes,89,Githurai,Bank Transfer,39.4777969796923
V048,2024-12-11 21:41:12.395045,Bananas,87,Kasarani,Cash,27.111259425580375
V052,2024-12-11 21:41:12.395045,Onions,65,Kibera,M-PESA,64.61728725039178
V054,2024-12-11 21:41:12.395045,Cabbage,29,Kasarani,Soko Loan,42.06817893133396
V055,2024-12-11 21:41:12.395045,Rice,45,Zimmerman,M-PESA,126.63036666224447
V058,2024-12-11 21:41:12.395045,Bananas,60,Kasarani,Soko Loan,29.065905373594724
V061,2024-12-11 21:41:12.395045,Tomatoes,55,Kibera,Soko Loan,96.20322179919405
V065,2024-12-11 21:41:12.395045,Cabbage,66,Kibera,M-PESA,45.123928207321065
V069,2024-12-11 21:41:12.395045,Cabbage,72,Karen,M-PESA,41.269444137549726
V074,2024-12-11 21:41:12.395045,Potatoes,15,Karen,Bank Transfer,31.68858463370395
V075,2024-12-11 21:41:12.395045,Bananas,67,Zimmerman,Cash,25.063790434065908
V075,2024-12-11 21:41:12.395045,Tomatoes,19,Westlands,M-PESA,99.10896382876135
V078,2024-12-11 21:41:12.395045,Potatoes,32,Kibera,M-PESA,30.76758061888738
V080,2024-12-11 21:41:12.395045,Onions,20,Nairobi CBD,Soko Loan,68.48617425919934
V082,2024-12-11 21:41:12.395045,Maize,88,Zimmerman,M-PESA,51.91246663785989
V089,2024-12-11 21:41:12.395045,Onions,28,Nairobi CBD,M-PESA,62.238742046122105
V090,2024-12-11 21:41:12.395045,Cabbage,15,Kibera,Soko Loan,40.401388590853664
V090,2024-12-11 21:41:12.395045,Rice,84,Karen,M-PESA,125.06944221319193
V090,2024-12-11 21:41:12.395045,Cabbage,6,Githurai,Bank Transfer,43.773631767966506
V090,2024-12-11 21:41:12.395045,Maize,69,Zimmerman,Soko Loan,54.536326078296895
V092,2024-12-11 21:41:12.395045,Maize,30,Githurai,Soko Loan,45.04187443627958
V097,2024-12-11 21:41:12.395045,Maize,28,Kasarani,M-PESA,51.256507894272765
V098,2024-12-11 21:41:12.395045,Potatoes,76,Westlands,Soko Loan,31.95712640099649
V098,2024-12-11 21:41:12.395045,Tomatoes,16,Kasarani,Cash,80.0119587766959
V001,2024-12-12 21:41:12.395045,Maize,26,Westlands,M-PESA,49.65336933939486
V001,2024-12-12 21:41:12.395045,Maize,20,Kasarani,M-PESA,46.557732605801704
V006,2024-12-12 21:41:12.395045,Rice,25,Nairobi CBD,Cash,117.49443941014752
V009,2024-12-12 21:41:12.395045,Bananas,33,Westlands,Soko Loan,25.506224722690742
V013,2024-12-12 21:41:12.395045,Onions,86,Karen,M-PESA,68.7096783886445
V013,2024-12-12 21:41:12.395045,Maize,36,Karen,M-PESA,46.58736763374309
V019,2024-12-12 21:41:12.395045,Tomatoes,8,Nairobi CBD,M-PESA,87.77452695753094
V026,2024-12-12 21:41:12.395045,Bananas,38,Kibera,M-PESA,30.93780631943452
V027,2024-12-12 21:41:12.395045,Maize,96,Kibera,Bank Transfer,45.13682414760681
V030,2024-12-12 21:41:12.395045,Bananas,9,Eastleigh,Cash,29.002122758496718
V035,2024-12-12 21:41:12.395045,Rice,98,Karen,M-PESA,123.44767686583407
V040,2024-12-12 21:41:12.395045,Tomatoes,52,Eastleigh,M-PESA,99.93052617597237
V046,2024-12-12 21:41:12.395045,Rice,61,Nairobi CBD,Cash,127.94771434927429
V048,2024-12-12 21:41:12.395045,Onions,25,Zimmerman,M-PESA,66.22238483282028
V051,2024-12-12 21:41:12.395045,Potatoes,44,Eastleigh,M-PESA,36.92050553039745
V053,2024-12-12 21:41:12.395045,Cabbage,98,Nairobi CBD,Soko Loan,41.22497861965989
V058,2024-12-12 21:41:12.395045,Potatoes,14,Kibera,M-PESA,31.20387578789089
V063,2024-12-12 21:41:12.395045,Tomatoes,65,Nairobi CBD,Bank Transfer,96.55047387907635
V069,2024-12-12 21:41:12.395045,Potatoes,67,Westlands,Soko Loan,36.70434333796918
V072,2024-12-12 21:41:12.395045,Cabbage,43,Kasarani,Cash,41.106035988731605
V073,2024-12-12 21:41:12.395045,Cabbage,30,Westlands,M-PESA,48.34947205694404
V074,2024-12-12 21:41:12.395045,Cabbage,18,Zimmerman,M-PESA,44.27466528166689
V074,2024-12-12 21:41:12.395045,Rice,72,Kasarani,Bank Transfer,127.6736793537598
V076,2024-12-12 21:41:12.395045,Maize,25,Eastleigh,Cash,51.88045557074129
V078,2024-12-12 21:41:12.395045,Tomatoes,39,Westlands,M-PESA,99.1129893453298
V082,2024-12-12 21:41:12.395045,Tomatoes,91,Kasarani,M-PESA,91.43991756567186
V086,2024-12-12 21:41:12.395045,Maize,50,Kibera,Bank Transfer,49.29062369302666
V086,2024-12-12 21:41:12.395045,Tomatoes,54,Githurai,Cash,88.2455945566333
V088,2024-12-12 21:41:12.395045,Cabbage,66,Kibera,Bank Transfer,49.78354787056857
V090,2024-12-12 21:41:12.395045,Rice,8,Kibera,Bank Transfer,114.80598246900733
V090,2024-12-12 21:41:12.395045,Cabbage,71,Kibera,M-PESA,46.35645321952613
V092,2024-12-12 21:41:12.395045,Onions,17,Eastleigh,Bank Transfer,68.74878588468835
V095,2024-12-12 21:41:12.395045,Bananas,49,Eastleigh,Soko Loan,25.835249146800187
V096,2024-12-12 21:41:12.395045,Maize,26,Nairobi CBD,Soko Loan,45.89876851736161
V096,2024-12-12 21:41:12.395045,Potatoes,9,Zimmerman,Cash,32.17891379626744
V003,2024-12-13 21:41:12.395045,Onions,82,Kibera,Bank Transfer,65.65014660644194
V008,2024-12-13 21:41:12.395045,Bananas,25,Nairobi CBD,Soko Loan,25.861321390636803
V008,2024-12-13 21:41:12.395045,Cabbage,24,Eastleigh,M-PESA,48.364421924698696
V014,2024-12-13 21:41:12.395045,Onions,6,Karen,Soko Loan,71.27737718935022
V016,2024-12-13 21:41:12.395045,Bananas,51,Zimmerman,M-PESA,33.30622760431791
V020,2024-12-13 21:41:12.395045,Maize,45,Eastleigh,M-PESA,53.614180460955176
V023,2024-12-13 21:41:12.395045,Cabbage,92,Eastleigh,Soko Loan,48.78033512844457
V024,2024-12-13 21:41:12.395045,Maize,27,Kibera,M-PESA,50.76881201311208
V025,2024-12-13 21:41:12.395045,Bananas,55,Nairobi CBD,M-PESA,28.93121798207079
V029,2024-12-13 21:41:12.395045,Potatoes,7,Westlands,M-PESA,30.251990948210697
V030,2024-12-13 21:41:12.395045,Potatoes,81,Nairobi CBD,M-PESA,32.508790998907
V033,2024-12-13 21:41:12.395045,Potatoes,34,Westlands,Soko Loan,38.03011881526321
V033,2024-12-13 21:41:12.395045,Maize,57,Westlands,M-PESA,53.08826323491684
V036,2024-12-13 21:41:12.395045,Bananas,88,Zimmerman,M-PESA,31.764837495206045
V037,2024-12-13 21:41:12.395045,Rice,58,Karen,Cash,118.02923558178087
V039,2024-12-13 21:41:12.395045,Bananas,89,Eastleigh,Cash,25.355902308064763
V044,2024-12-13 21:41:12.395045,Potatoes,85,Kibera,M-PESA,38.57230937369791
V051,2024-12-13 21:41:12.395045,Cabbage,41,Eastleigh,M-PESA,40.48362711048781
V057,2024-12-13 21:41:12.395045,Maize,60,Nairobi CBD,M-PESA,51.83870124909032
V062,2024-12-13 21:41:12.395045,Cabbage,26,Karen,Cash,49.288595498455656
V062,2024-12-13 21:41:12.395045,Rice,25,Zimmerman,Cash,121.0106336119245
V069,2024-12-13 21:41:12.395045,Rice,88,Githurai,Soko Loan,112.30292356790402
V077,2024-12-13 21:41:12.395045,Maize,17,Githurai,Soko Loan,47.58591591134784
V077,2024-12-13 21:41:12.395045,Rice,59,Eastleigh,Cash,118.44384467761355
V090,2024-12-13 21:41:12.395045,Onions,90,Kasarani,Soko Loan,68.60798774515645
V093,2024-12-13 21:41:12.395045,Potatoes,71,Eastleigh,Soko Loan,36.63027203723147
V094,2024-12-13 21:41:12.395045,Potatoes,21,Karen,M-PESA,36.755867735674386
V100,2024-12-13 21:41:12.395045,Onions,95,Nairobi CBD,M-PESA,67.25790328296468
V001,2024-12-14 21:41:12.395045,Potatoes,8,Karen,M-PESA,37.30249189529571
V005,2024-12-14 21:41:12.395045,Onions,76,Westlands,M-PESA,73.29256941083989
V005,2024-12-14 21:41:12.395045,Cabbage,98,Eastleigh,M-PESA,45.47045345615578
V006,2024-12-14 21:41:12.395045,Onions,45,Githurai,Soko Loan,67.85102056383012
V013,2024-12-14 21:41:12.395045,Bananas,89,Karen,M-PESA,30.94241827308597
V015,2024-12-14 21:41:12.395045,Potatoes,56,Karen,Soko Loan,34.84020572509404
V016,2024-12-14 21:41:12.395045,Rice,54,Karen,M-PESA,124.34929981223824
V020,2024-12-14 21:41:12.395045,Tomatoes,87,Westlands,Cash,89.56982140214379
V021,2024-12-14 21:41:12.395045,Maize,32,Zimmerman,Soko Loan,50.44555324654675
V023,2024-12-14 21:41:12.395045,Rice,7,Westlands,Soko Loan,128.8294847501213
V029,2024-12-14 21:41:12.395045,Cabbage,34,Kibera,Cash,43.24329377351518
V032,2024-12-14 21:41:12.395045,Maize,34,Githurai,Cash,50.76981612417682
V035,2024-12-14 21:41:12.395045,Onions,66,Kasarani,M-PESA,69.29084954049753
V036,2024-12-14 21:41:12.395045,Rice,62,Kasarani,Soko Loan,122.14270561767154
V036,2024-12-14 21:41:12.395045,Potatoes,39,Nairobi CBD,M-PESA,33.93555336106316
V043,2024-12-14 21:41:12.395045,Cabbage,26,Kibera,M-PESA,48.46887224428953
V045,2024-12-14 21:41:12.395045,Rice,19,Eastleigh,Cash,129.01065641908818
V047,2024-12-14 21:41:12.395045,Onions,63,Eastleigh,Soko Loan,60.14866043236731
V050,2024-12-14 21:41:12.395045,Tomatoes,24,Kasarani,M-PESA,93.64383378510198
V053,2024-12-14 21:41:12.395045,Tomatoes,51,Kibera,M-PESA,92.98757640473245
V058,2024-12-14 21:41:12.395045,Maize,53,Nairobi CBD,Soko Loan,53.26340810950187
V061,2024-12-14 21:41:12.395045,Bananas,37,Zimmerman,Soko Loan,34.450240645805685
V063,2024-12-14 21:41:12.395045,Maize,29,Westlands,M-PESA,54.81257577391277
V064,2024-12-14 21:41:12.395045,Cabbage,15,Westlands,M-PESA,46.617186826439564
V065,2024-12-14 21:41:12.395045,Tomatoes,62,Eastleigh,M-PESA,80.69345408452133
V067,2024-12-14 21:41:12.395045,Maize,24,Nairobi CBD,Soko Loan,45.94965275228377
V068,2024-12-14 21:41:12.395045,Maize,70,Eastleigh,M-PESA,45.944188976604806
V070,2024-12-14 21:41:12.395045,Rice,6,Githurai,Soko Loan,122.62750652096501
V070,2024-12-14 21:41:12.395045,Bananas,75,Westlands,M-PESA,34.57945859926137
V072,2024-12-14 21:41:12.395045,Cabbage,97,Zimmerman,Bank Transfer,45.1409544255126
V075,2024-12-14 21:41:12.395045,Cabbage,27,Nairobi CBD,M-PESA,47.341512590416464
V078,2024-12-14 21:41:12.395045,Cabbage,64,Zimmerman,M-PESA,49.73800413357149
V078,2024-12-14 21:41:12.395045,Onions,16,Kibera,M-PESA,68.46347725026804
V079,2024-12-14 21:41:12.395045,Onions,77,Karen,Cash,69.3815017524989
V080,2024-12-14 21:41:12.395045,Cabbage,49,Eastleigh,Cash,47.302217177572494
V082,2024-12-14 21:41:12.395045,Onions,42,Kibera,M-PESA,68.74071674017023
V084,2024-12-14 21:41:12.395045,Cabbage,32,Eastleigh,Bank Transfer,44.073655242128325
V088,2024-12-14 21:41:12.395045,Potatoes,83,Eastleigh,Soko Loan,38.143839206690814
V090,2024-12-14 21:41:12.395045,Potatoes,77,Nairobi CBD,M-PESA,34.768388777331246
V090,2024-12-14 21:41:12.395045,Maize,32,Kibera,Soko Loan,46.6145783406424
V090,2024-12-14 21:41:12.395045,Onions,30,Zimmerman,M-PESA,69.67827863766996
V092,2024-12-14 21:41:12.395045,Maize,79,Kasarani,Bank Transfer,48.41318645950052
V096,2024-12-14 21:41:12.395045,Maize,89,Kibera,M-PESA,52.82425812212788
V099,2024-12-14 21:41:12.395045,Rice,40,Zimmerman,M-PESA,128.35294555808866
V001,2024-12-15 21:41:12.395045,Onions,6,Eastleigh,Soko Loan,63.02292567009469
V004,2024-12-15 21:41:12.395045,Cabbage,6,Nairobi CBD,M-PESA,41.688100057845645
V007,2024-12-15 21:41:12.395045,Potatoes,79,Karen,Bank Transfer,37.66527316221627
V007,2024-12-15 21:41:12.395045,Bananas,36,Zimmerman,M-PESA,31.42795070506309
V008,2024-12-15 21:41:12.395045,Tomatoes,11,Eastleigh,Cash,97.72172217627033
V020,2024-12-15 21:41:12.395045,Bananas,23,Nairobi CBD,Soko Loan,28.702321856845767
V024,2024-12-15 21:41:12.395045,Bananas,26,Eastleigh,Cash,30.855637287933018
V024,2024-12-15 21:41:12.395045,Bananas,19,Karen,Soko Loan,27.246573976417665
V030,2024-12-15 21:41:12.395045,Potatoes,73,Kasarani,Soko Loan,35.5554956988562
V033,2024-12-15 21:41:12.395045,Maize,8,Kibera,Soko Loan,46.89936136457561
V033,2024-12-15 21:41:12.395045,Maize,51,Githurai,M-PESA,50.564646373488216
V033,2024-12-15 21:41:12.395045,Bananas,36,Karen,Soko Loan,30.196116758030076
V039,2024-12-15 21:41:12.395045,Cabbage,32,Kasarani,Soko Loan,40.1386213591286
V045,2024-12-15 21:41:12.395045,Maize,34,Kibera,Soko Loan,52.64650950384873
V046,2024-12-15 21:41:12.395045,Maize,64,Zimmerman,Cash,48.91742450562278
V051,2024-12-15 21:41:12.395045,Potatoes,77,Kibera,Cash,33.770539310016986
V055,2024-12-15 21:41:12.395045,Cabbage,44,Kibera,Soko Loan,48.21250154559704
V057,2024-12-15 21:41:12.395045,Onions,44,Karen,Soko Loan,72.1779918601557
V058,2024-12-15 21:41:12.395045,Maize,40,Karen,Soko Loan,48.49937853570714
V062,2024-12-15 21:41:12.395045,Potatoes,49,Kasarani,M-PESA,38.97964646847788
V063,2024-12-15 21:41:12.395045,Maize,55,Kasarani,Soko Loan,47.972872042813265
V067,2024-12-15 21:41:12.395045,Tomatoes,79,Karen,M-PESA,98.18404272412974
V075,2024-12-15 21:41:12.395045,Potatoes,67,Kibera,Soko Loan,32.71998605344356
V082,2024-12-15 21:41:12.395045,Potatoes,44,Nairobi CBD,M-PESA,30.06982261880348
V085,2024-12-15 21:41:12.395045,Cabbage,39,Karen,Soko Loan,48.43879411230929
V088,2024-12-15 21:41:12.395045,Bananas,53,Kasarani,Bank Transfer,32.9381810390804
V094,2024-12-15 21:41:12.395045,Maize,29,Nairobi CBD,Cash,49.10788809999612
V099,2024-12-15 21:41:12.395045,Tomatoes,64,Karen,M-PESA,96.9991866100641
V100,2024-12-15 21:41:12.395045,Cabbage,88,Nairobi CBD,Cash,45.18077498040345
V012,2024-12-16 21:41:12.395045,Potatoes,38,Karen,M-PESA,31.866399397976824
V014,2024-12-16 21:41:12.395045,Onions,95,Kasarani,Soko Loan,65.37932372930388
V014,2024-12-16 21:41:12.395045,Maize,30,Kasarani,M-PESA,47.80334752551413
V015,2024-12-16 21:41:12.395045,Cabbage,60,Zimmerman,Cash,44.69040747518154
V025,2024-12-16 21:41:12.395045,Cabbage,22,Githurai,Soko Loan,41.471632510949455
V026,2024-12-16 21:41:12.395045,Cabbage,55,Kasarani,M-PESA,41.53899904693774
V027,2024-12-16 21:41:12.395045,Potatoes,49,Karen,M-PESA,36.970241660042994
V033,2024-12-16 21:41:12.395045,Bananas,47,Eastleigh,M-PESA,28.931471294940152
V035,2024-12-16 21:41:12.395045,Potatoes,20,Kasarani,M-PESA,32.08315390008518
V035,2024-12-16 21:41:12.395045,Cabbage,91,Westlands,Soko Loan,44.58518562187015
V036,2024-12-16 21:41:12.395045,Tomatoes,72,Kibera,Soko Loan,87.09663711086326
V038,2024-12-16 21:41:12.395045,Potatoes,10,Karen,Soko Loan,34.10682633010283
V039,2024-12-16 21:41:12.395045,Tomatoes,49,Zimmerman,Soko Loan,83.65626777078452
V041,2024-12-16 21:41:12.395045,Bananas,21,Githurai,Bank Transfer,28.61074726341037
V049,2024-12-16 21:41:12.395045,Tomatoes,12,Eastleigh,Soko Loan,93.24627477461439
V056,2024-12-16 21:41:12.395045,Cabbage,51,Westlands,Bank Transfer,43.30155950315604
V059,2024-12-16 21:41:12.395045,Potatoes,29,Karen,M-PESA,36.76361067872724
V059,2024-12-16 21:41:12.395045,Potatoes,87,Githurai,M-PESA,33.79979078965395
V061,2024-12-16 21:41:12.395045,Onions,55,Eastleigh,M-PESA,64.33452787381587
V062,2024-12-16 21:41:12.395045,Rice,80,Kibera,Soko Loan,121.32036849775642
V064,2024-12-16 21:41:12.395045,Potatoes,15,Zimmerman,Soko Loan,39.92135639478583
V067,2024-12-16 21:41:12.395045,Maize,89,Nairobi CBD,Bank Transfer,47.458474424934
V067,2024-12-16 21:41:12.395045,Rice,5,Eastleigh,M-PESA,120.97176830109377
V068,2024-12-16 21:41:12.395045,Tomatoes,96,Karen,Cash,85.95954470991687
V072,2024-12-16 21:41:12.395045,Cabbage,33,Kibera,Cash,44.26398356801623
V076,2024-12-16 21:41:12.395045,Onions,18,Kasarani,Cash,61.98269486630808
V077,2024-12-16 21:41:12.395045,Maize,80,Zimmerman,Soko Loan,53.86380361960141
V086,2024-12-16 21:41:12.395045,Tomatoes,70,Westlands,M-PESA,81.46728134919205
V087,2024-12-16 21:41:12.395045,Rice,54,Zimmerman,Soko Loan,110.78538828483305
V092,2024-12-16 21:41:12.395045,Potatoes,20,Githurai,Bank Transfer,32.95824097496536
V094,2024-12-16 21:41:12.395045,Maize,63,Westlands,Soko Loan,46.259551963793584
V003,2024-12-17 21:41:12.395045,Bananas,95,Karen,M-PESA,33.50574528015116
V003,2024-12-17 21:41:12.395045,Potatoes,74,Githurai,Soko Loan,30.85056385489241
V008,2024-12-17 21:41:12.395045,Onions,43,Kasarani,Soko Loan,72.8946801802891
V010,2024-12-17 21:41:12.395045,Rice,39,Eastleigh,M-PESA,111.79519001120315
V011,2024-12-17 21:41:12.395045,Potatoes,62,Kibera,Cash,32.2999375396324
V013,2024-12-17 21:41:12.395045,Bananas,90,Nairobi CBD,Cash,30.84827811305791
V016,2024-12-17 21:41:12.395045,Rice,73,Kasarani,Soko Loan,121.10267573506377
V023,2024-12-17 21:41:12.395045,Potatoes,37,Eastleigh,Cash,36.96079861567039
V027,2024-12-17 21:41:12.395045,Potatoes,46,Kasarani,M-PESA,33.393052673095674
V031,2024-12-17 21:41:12.395045,Cabbage,75,Githurai,M-PESA,41.332099241366286
V033,2024-12-17 21:41:12.395045,Cabbage,80,Kasarani,M-PESA,40.86032157032943
V035,2024-12-17 21:41:12.395045,Maize,6,Eastleigh,M-PESA,48.97684414433055
V040,2024-12-17 21:41:12.395045,Onions,12,Kibera,M-PESA,65.91858472978386
V044,2024-12-17 21:41:12.395045,Cabbage,43,Kibera,M-PESA,49.40503952879403
V050,2024-12-17 21:41:12.395045,Cabbage,13,Westlands,M-PESA,40.38957846348464
V052,2024-12-17 21:41:12.395045,Potatoes,89,Eastleigh,Soko Loan,34.44103556906619
V052,2024-12-17 21:41:12.395045,Maize,69,Zimmerman,Soko Loan,47.02293949158204
V052,2024-12-17 21:41:12.395045,Tomatoes,39,Nairobi CBD,Soko Loan,81.7557647411632
V059,2024-12-17 21:41:12.395045,Cabbage,69,Kasarani,Cash,43.07216417021271
V059,2024-12-17 21:41:12.395045,Tomatoes,24,Zimmerman,Soko Loan,97.02301470851964
V059,2024-12-17 21:41:12.395045,Potatoes,14,Eastleigh,M-PESA,34.54183662736706
V061,2024-12-17 21:41:12.395045,Potatoes,31,Westlands,Soko Loan,30.59617325344659
V062,2024-12-17 21:41:12.395045,Maize,71,Karen,M-PESA,54.77279932566447
V072,2024-12-17 21:41:12.395045,Onions,36,Nairobi CBD,M-PESA,60.769407734718236
V082,2024-12-17 21:41:12.395045,Cabbage,87,Westlands,Cash,44.19099472917085
V086,2024-12-17 21:41:12.395045,Tomatoes,69,Githurai,M-PESA,93.80093776818899
V089,2024-12-17 21:41:12.395045,Potatoes,86,Githurai,M-PESA,38.68409523946934
V089,2024-12-17 21:41:12.395045,Onions,80,Eastleigh,M-PESA,62.61613900667249
V092,2024-12-17 21:41:12.395045,Tomatoes,46,Kibera,M-PESA,99.56441337053117
V092,2024-12-17 21:41:12.395045,Onions,24,Westlands,M-PESA,69.31995936233561
V092,2024-12-17 21:41:12.395045,Bananas,74,Kasarani,M-PESA,26.675665393045065
V093,2024-12-17 21:41:12.395045,Potatoes,19,Kibera,Soko Loan,35.18561688665734
V095,2024-12-17 21:41:12.395045,Potatoes,5,Eastleigh,M-PESA,31.53783705513216
V096,2024-12-17 21:41:12.395045,Tomatoes,68,Kasarani,Cash,81.07269583041662
V098,2024-12-17 21:41:12.395045,Bananas,81,Githurai,M-PESA,33.57530607751924
V004,2024-12-18 21:41:12.395045,Tomatoes,62,Eastleigh,M-PESA,85.42984005085422
V007,2024-12-18 21:41:12.395045,Maize,63,Eastleigh,Soko Loan,50.534717762098495
V012,2024-12-18 21:41:12.395045,Onions,29,Kibera,M-PESA,64.05965912972648
V016,2024-12-18 21:41:12.395045,Bananas,66,Karen,Cash,32.05040906353592
V017,2024-12-18 21:41:12.395045,Rice,50,Kibera,Cash,116.06771087258267
V021,2024-12-18 21:41:12.395045,Bananas,40,Zimmerman,M-PESA,30.730422006190157
V021,2024-12-18 21:41:12.395045,Rice,50,Kasarani,M-PESA,113.23846013264428
V026,2024-12-18 21:41:12.395045,Onions,49,Eastleigh,Bank Transfer,62.07557392080835
V028,2024-12-18 21:41:12.395045,Potatoes,52,Kibera,Soko Loan,31.682785885077127
V029,2024-12-18 21:41:12.395045,Bananas,9,Zimmerman,Soko Loan,29.084555814084826
V033,2024-12-18 21:41:12.395045,Cabbage,58,Zimmerman,Soko Loan,45.318717665050166
V034,2024-12-18 21:41:12.395045,Bananas,83,Kasarani,Bank Transfer,34.303984201693254
V038,2024-12-18 21:41:12.395045,Onions,90,Zimmerman,M-PESA,66.03040825332361
V040,2024-12-18 21:41:12.395045,Potatoes,50,Eastleigh,M-PESA,32.206510596217484
V042,2024-12-18 21:41:12.395045,Bananas,97,Githurai,M-PESA,26.283258621887644
V045,2024-12-18 21:41:12.395045,Rice,87,Kibera,M-PESA,115.38323141983258
V050,2024-12-18 21:41:12.395045,Rice,21,Kibera,M-PESA,120.00116518382174
V050,2024-12-18 21:41:12.395045,Cabbage,86,Nairobi CBD,M-PESA,42.84184295711729
V057,2024-12-18 21:41:12.395045,Cabbage,44,Eastleigh,Soko Loan,43.821394748325694
V058,2024-12-18 21:41:12.395045,Cabbage,19,Kibera,Soko Loan,48.797524022943435
V063,2024-12-18 21:41:12.395045,Rice,91,Nairobi CBD,Soko Loan,117.25965680807744
V074,2024-12-18 21:41:12.395045,Maize,42,Westlands,Cash,47.872212092051505
V076,2024-12-18 21:41:12.395045,Maize,48,Kasarani,M-PESA,45.24005044844889
V077,2024-12-18 21:41:12.395045,Onions,65,Westlands,M-PESA,73.93211941031828
V085,2024-12-18 21:41:12.395045,Tomatoes,27,Kibera,Cash,91.98719450084332
V094,2024-12-18 21:41:12.395045,Onions,8,Zimmerman,M-PESA,69.48594384698262
V095,2024-12-18 21:41:12.395045,Rice,16,Kibera,Soko Loan,127.59202993423524
V096,2024-12-18 21:41:12.395045,Cabbage,32,Karen,M-PESA,44.40664883424294
V099,2024-12-18 21:41:12.395045,Rice,72,Zimmerman,M-PESA,121.55614100502169
V003,2024-12-19 21:41:12.395045,Tomatoes,61,Githurai,Soko Loan,92.01890969075438
V004,2024-12-19 21:41:12.395045,Cabbage,29,Kasarani,Soko Loan,41.028425921574765
V006,2024-12-19 21:41:12.395045,Cabbage,56,Nairobi CBD,Soko Loan,42.487917887391774
V006,2024-12-19 21:41:12.395045,Rice,29,Westlands,Cash,115.13294414372191
V018,2024-12-19 21:41:12.395045,Bananas,96,Githurai,Cash,25.79280284631192
V018,2024-12-19 21:41:12.395045,Potatoes,28,Kibera,M-PESA,33.62501984531513
V023,2024-12-19 21:41:12.395045,Potatoes,93,Nairobi CBD,M-PESA,37.55133617445196
V024,2024-12-19 21:41:12.395045,Potatoes,94,Kasarani,Cash,37.289392001051574
V025,2024-12-19 21:41:12.395045,Cabbage,95,Zimmerman,M-PESA,40.81574925611366
V028,2024-12-19 21:41:12.395045,Cabbage,39,Westlands,M-PESA,48.2956271568305
V035,2024-12-19 21:41:12.395045,Tomatoes,30,Karen,Cash,85.41118512975983
V039,2024-12-19 21:41:12.395045,Rice,78,Eastleigh,Soko Loan,129.91137800981375
V045,2024-12-19 21:41:12.395045,Bananas,25,Kasarani,Soko Loan,25.566804321658353
V048,2024-12-19 21:41:12.395045,Rice,27,Kibera,Soko Loan,117.6323299821827
V050,2024-12-19 21:41:12.395045,Tomatoes,14,Kibera,Cash,94.18877729267949
V050,2024-12-19 21:41:12.395045,Onions,11,Nairobi CBD,M-PESA,68.6753964467481
V051,2024-12-19 21:41:12.395045,Maize,15,Nairobi CBD,Soko Loan,47.486048846133066
V053,2024-12-19 21:41:12.395045,Bananas,93,Kasarani,Cash,32.287780544506475
V056,2024-12-19 21:41:12.395045,Bananas,34,Karen,M-PESA,25.69036936911375
V057,2024-12-19 21:41:12.395045,Maize,34,Karen,M-PESA,51.777232412013205
V062,2024-12-19 21:41:12.395045,Cabbage,91,Githurai,Soko Loan,43.34401178988749
V064,2024-12-19 21:41:12.395045,Cabbage,12,Kibera,Soko Loan,46.710129805329096
V065,2024-12-19 21:41:12.395045,Onions,41,Zimmerman,Cash,72.03602676676987
V066,2024-12-19 21:41:12.395045,Potatoes,37,Westlands,M-PESA,36.349066591531624
V068,2024-12-19 21:41:12.395045,Tomatoes,31,Kasarani,Bank Transfer,91.4057387746278
V069,2024-12-19 21:41:12.395045,Bananas,59,Eastleigh,Bank Transfer,27.40670514757153
V073,2024-12-19 21:41:12.395045,Bananas,83,Karen,Soko Loan,26.790949393281814
V086,2024-12-19 21:41:12.395045,Bananas,66,Westlands,M-PESA,26.41199063537185
V086,2024-12-19 21:41:12.395045,Onions,64,Nairobi CBD,Soko Loan,65.0218356283602
V088,2024-12-19 21:41:12.395045,Onions,90,Westlands,M-PESA,74.20134367038361
V089,2024-12-19 21:41:12.395045,Tomatoes,29,Westlands,Soko Loan,95.60425297071268
V090,2024-12-19 21:41:12.395045,Maize,51,Eastleigh,Cash,48.16101311546971
V092,2024-12-19 21:41:12.395045,Potatoes,77,Githurai,Soko Loan,37.51278924373767
V097,2024-12-19 21:41:12.395045,Rice,7,Karen,Bank Transfer,123.23669170227996
V003,2024-12-20 21:41:12.395045,Tomatoes,67,Zimmerman,M-PESA,82.16089118752814
V014,2024-12-20 21:41:12.395045,Rice,92,Zimmerman,Cash,127.41376910914879
V015,2024-12-20 21:41:12.395045,Rice,41,Kasarani,Soko Loan,122.87913158895228
V019,2024-12-20 21:41:12.395045,Tomatoes,70,Karen,Soko Loan,96.78293216141505
V019,2024-12-20 21:41:12.395045,Maize,45,Kibera,M-PESA,47.80600813237916
V030,2024-12-20 21:41:12.395045,Maize,50,Kasarani,M-PESA,53.49446406225736
V031,2024-12-20 21:41:12.395045,Tomatoes,45,Karen,Soko Loan,98.91499404451861
V032,2024-12-20 21:41:12.395045,Potatoes,48,Githurai,Soko Loan,36.03150120122947
V032,2024-12-20 21:41:12.395045,Onions,64,Eastleigh,Cash,62.71337852068348
V033,2024-12-20 21:41:12.395045,Onions,70,Nairobi CBD,Soko Loan,74.88872693231644
V038,2024-12-20 21:41:12.395045,Potatoes,65,Nairobi CBD,Cash,38.754886503958964
V038,2024-12-20 21:41:12.395045,Rice,23,Karen,M-PESA,120.76789958573916
V040,2024-12-20 21:41:12.395045,Potatoes,74,Nairobi CBD,M-PESA,31.844590510598834
V043,2024-12-20 21:41:12.395045,Cabbage,86,Westlands,Cash,42.77069249713399
V051,2024-12-20 21:41:12.395045,Cabbage,21,Westlands,Soko Loan,42.940674621767776
V054,2024-12-20 21:41:12.395045,Maize,66,Kibera,Soko Loan,45.538305249084594
V066,2024-12-20 21:41:12.395045,Maize,42,Westlands,Bank Transfer,46.39254070784704
V069,2024-12-20 21:41:12.395045,Cabbage,15,Zimmerman,M-PESA,47.97514045296486
V071,2024-12-20 21:41:12.395045,Tomatoes,41,Eastleigh,Soko Loan,99.74672317159092
V072,2024-12-20 21:41:12.395045,Maize,35,Zimmerman,M-PESA,50.855876838726125
V083,2024-12-20 21:41:12.395045,Rice,44,Zimmerman,Bank Transfer,110.00454076436512
V090,2024-12-20 21:41:12.395045,Tomatoes,57,Kasarani,M-PESA,93.7817530749646
V092,2024-12-20 21:41:12.395045,Cabbage,86,Zimmerman,M-PESA,47.52114332696975
V095,2024-12-20 21:41:12.395045,Cabbage,80,Githurai,M-PESA,40.7785651960877
V099,2024-12-20 21:41:12.395045,Cabbage,49,Githurai,Soko Loan,48.200675020556496
V099,2024-12-20 21:41:12.395045,Tomatoes,21,Eastleigh,Soko Loan,88.83667409603909
V099,2024-12-20 21:41:12.395045,Tomatoes,97,Githurai,Soko Loan,92.20215844072469
V006,2024-12-21 21:41:12.395045,Tomatoes,40,Westlands,Cash,86.04932634922939
V009,2024-12-21 21:41:12.395045,Onions,83,Eastleigh,M-PESA,62.61970778844494
V013,2024-12-21 21:41:12.395045,Potatoes,55,Kasarani,Soko Loan,31.98631613861869
V014,2024-12-21 21:41:12.395045,Rice,56,Kibera,Cash,118.3925476561362
V017,2024-12-21 21:41:12.395045,Potatoes,18,Westlands,Soko Loan,39.15001537747527
V019,2024-12-21 21:41:12.395045,Maize,8,Karen,Soko Loan,50.93461382704724
V019,2024-12-21 21:41:12.395045,Tomatoes,39,Githurai,Soko Loan,97.23329769398202
V019,2024-12-21 21:41:12.395045,Potatoes,43,Eastleigh,M-PESA,33.93320670385189
V020,2024-12-21 21:41:12.395045,Potatoes,28,Nairobi CBD,M-PESA,30.966448342877523
V028,2024-12-21 21:41:12.395045,Tomatoes,17,Kasarani,M-PESA,81.19886601722617
V028,2024-12-21 21:41:12.395045,Rice,61,Kibera,M-PESA,113.61570301124759
V039,2024-12-21 21:41:12.395045,Maize,25,Karen,Cash,46.243458414308705
V045,2024-12-21 21:41:12.395045,Potatoes,43,Karen,Cash,36.923543061544144
V047,2024-12-21 21:41:12.395045,Tomatoes,5,Nairobi CBD,Bank Transfer,91.76704441966307
V056,2024-12-21 21:41:12.395045,Maize,13,Westlands,M-PESA,51.49788046764299
V060,2024-12-21 21:41:12.395045,Bananas,85,Kibera,M-PESA,27.204876394147494
V061,2024-12-21 21:41:12.395045,Onions,37,Zimmerman,Soko Loan,65.47233705311697
V061,2024-12-21 21:41:12.395045,Potatoes,88,Karen,Cash,38.46124210530232
V062,2024-12-21 21:41:12.395045,Onions,56,Kasarani,Soko Loan,64.43898044154925
V063,2024-12-21 21:41:12.395045,Rice,30,Zimmerman,Soko Loan,113.39774146438114
V063,2024-12-21 21:41:12.395045,Bananas,71,Kasarani,Soko Loan,34.82739540910386
V068,2024-12-21 21:41:12.395045,Potatoes,47,Githurai,M-PESA,37.63692269350321
V070,2024-12-21 21:41:12.395045,Maize,95,Zimmerman,M-PESA,48.42730925427907
V070,2024-12-21 21:41:12.395045,Cabbage,7,Kasarani,Cash,46.45534356410522
V074,2024-12-21 21:41:12.395045,Maize,21,Kasarani,Soko Loan,45.953609212730036
V075,2024-12-21 21:41:12.395045,Cabbage,23,Westlands,Cash,49.09429503685877
V078,2024-12-21 21:41:12.395045,Cabbage,52,Eastleigh,Soko Loan,47.42292231486947
V081,2024-12-21 21:41:12.395045,Onions,9,Westlands,Soko Loan,66.16955958099346
V086,2024-12-21 21:41:12.395045,Cabbage,95,Westlands,M-PESA,49.345438807155155
V089,2024-12-21 21:41:12.395045,Potatoes,49,Kibera,Soko Loan,36.72507262673649
V092,2024-12-21 21:41:12.395045,Bananas,71,Kasarani,M-PESA,30.48909631640072
V093,2024-12-21 21:41:12.395045,Onions,21,Nairobi CBD,M-PESA,72.66318487929215
V097,2024-12-21 21:41:12.395045,Rice,49,Eastleigh,Cash,114.67134722137222
V100,2024-12-21 21:41:12.395045,Potatoes,74,Githurai,Soko Loan,34.66181591127557
V001,2024-12-22 21:41:12.395045,Onions,14,Zimmerman,M-PESA,60.66098792355572
V001,2024-12-22 21:41:12.395045,Bananas,75,Karen,Bank Transfer,34.562918815133614
V002,2024-12-22 21:41:12.395045,Cabbage,48,Githurai,M-PESA,40.80186756812113
V007,2024-12-22 21:41:12.395045,Rice,7,Westlands,Cash,123.86844256112619
V011,2024-12-22 21:41:12.395045,Tomatoes,26,Kibera,Bank Transfer,90.1104158344698
V016,2024-12-22 21:41:12.395045,Potatoes,78,Kibera,M-PESA,33.86707057043978
V027,2024-12-22 21:41:12.395045,Maize,49,Eastleigh,M-PESA,45.43100108948324
V037,2024-12-22 21:41:12.395045,Rice,69,Nairobi CBD,Bank Transfer,114.08484212736857
V045,2024-12-22 21:41:12.395045,Potatoes,68,Kasarani,Cash,36.90322846900729
V046,2024-12-22 21:41:12.395045,Bananas,85,Githurai,Soko Loan,29.13516530289959
V055,2024-12-22 21:41:12.395045,Onions,55,Kibera,M-PESA,60.93062125434832
V056,2024-12-22 21:41:12.395045,Tomatoes,52,Kasarani,Soko Loan,85.99795185989072
V078,2024-12-22 21:41:12.395045,Cabbage,48,Kasarani,M-PESA,45.96467075413544
V089,2024-12-22 21:41:12.395045,Onions,62,Kasarani,M-PESA,62.717749185751245
V089,2024-12-22 21:41:12.395045,Maize,18,Westlands,Cash,52.65858643884742
V091,2024-12-22 21:41:12.395045,Bananas,92,Eastleigh,M-PESA,28.121897365691293
V100,2024-12-22 21:41:12.395045,Potatoes,69,Kibera,Soko Loan,38.38853861904069
V005,2024-12-23 21:41:12.395045,Maize,81,Githurai,Bank Transfer,52.580404210112164
V005,2024-12-23 21:41:12.395045,Bananas,8,Karen,Cash,28.691361938092044
V006,2024-12-23 21:41:12.395045,Rice,22,Githurai,M-PESA,124.94156534258057
V010,2024-12-23 21:41:12.395045,Rice,96,Kasarani,Cash,111.45469895557336
V015,2024-12-23 21:41:12.395045,Rice,90,Karen,Soko Loan,126.23892469275766
V019,2024-12-23 21:41:12.395045,Bananas,82,Eastleigh,Soko Loan,32.29309800477206
V021,2024-12-23 21:41:12.395045,Cabbage,24,Karen,M-PESA,45.638929210554025
V021,2024-12-23 21:41:12.395045,Tomatoes,10,Zimmerman,Soko Loan,88.37939547559048
V024,2024-12-23 21:41:12.395045,Cabbage,50,Kibera,M-PESA,43.38084409366262
V027,2024-12-23 21:41:12.395045,Bananas,23,Eastleigh,Soko Loan,25.620367636287817
V028,2024-12-23 21:41:12.395045,Maize,96,Eastleigh,M-PESA,46.56316970708861
V029,2024-12-23 21:41:12.395045,Cabbage,50,Westlands,M-PESA,48.759049249998945
V030,2024-12-23 21:41:12.395045,Rice,34,Githurai,Bank Transfer,111.82843983634277
V030,2024-12-23 21:41:12.395045,Tomatoes,23,Zimmerman,Bank Transfer,88.06961938053999
V034,2024-12-23 21:41:12.395045,Potatoes,78,Githurai,Bank Transfer,35.46928875985477
V037,2024-12-23 21:41:12.395045,Bananas,86,Kibera,M-PESA,28.125980249083
V042,2024-12-23 21:41:12.395045,Bananas,43,Zimmerman,M-PESA,31.688765310406854
V043,2024-12-23 21:41:12.395045,Cabbage,98,Karen,Soko Loan,46.754560453364256
V044,2024-12-23 21:41:12.395045,Tomatoes,53,Githurai,M-PESA,96.34610624426473
V050,2024-12-23 21:41:12.395045,Maize,11,Westlands,Soko Loan,45.402855187779984
V053,2024-12-23 21:41:12.395045,Onions,46,Nairobi CBD,Soko Loan,68.60924799103516
V053,2024-12-23 21:41:12.395045,Onions,61,Githurai,M-PESA,62.43991222658228
V056,2024-12-23 21:41:12.395045,Potatoes,53,Kibera,Cash,37.63515843668212
V061,2024-12-23 21:41:12.395045,Bananas,56,Eastleigh,Soko Loan,28.08468281489484
V064,2024-12-23 21:41:12.395045,Rice,74,Kibera,M-PESA,122.96466937615692
V065,2024-12-23 21:41:12.395045,Onions,63,Kasarani,M-PESA,69.68403865587618
V069,2024-12-23 21:41:12.395045,Tomatoes,34,Kasarani,Bank Transfer,80.51379289738816
V069,2024-12-23 21:41:12.395045,Onions,15,Nairobi CBD,Soko Loan,68.8198744419575
V073,2024-12-23 21:41:12.395045,Maize,88,Karen,M-PESA,46.678145956460284
V077,2024-12-23 21:41:12.395045,Potatoes,67,Nairobi CBD,M-PESA,33.392406611738366
V079,2024-12-23 21:41:12.395045,Onions,96,Kasarani,M-PESA,62.80686405615752
V086,2024-12-23 21:41:12.395045,Tomatoes,99,Kibera,Bank Transfer,98.79137178050331
V087,2024-12-23 21:41:12.395045,Onions,28,Zimmerman,Bank Transfer,65.18221280585169
V088,2024-12-23 21:41:12.395045,Tomatoes,32,Nairobi CBD,M-PESA,97.91379888533233
V088,2024-12-23 21:41:12.395045,Onions,86,Eastleigh,Soko Loan,64.47099301755006
V090,2024-12-23 21:41:12.395045,Maize,37,Nairobi CBD,Bank Transfer,52.203839985864455
V099,2024-12-23 21:41:12.395045,Bananas,45,Kibera,Cash,30.817366474211866
V100,2024-12-23 21:41:12.395045,Cabbage,54,Githurai,Cash,43.15363743266118
V003,2024-12-24 21:41:12.395045,Onions,94,Karen,M-PESA,66.5289341948483
V011,2024-12-24 21:41:12.395045,Maize,8,Nairobi CBD,Cash,48.26941024336675
V015,2024-12-24 21:41:12.395045,Rice,93,Kibera,Soko Loan,123.47677796540009
V016,2024-12-24 21:41:12.395045,Bananas,11,Githurai,Bank Transfer,33.42165376650381
V017,2024-12-24 21:41:12.395045,Onions,51,Eastleigh,M-PESA,60.90340417350446
V018,2024-12-24 21:41:12.395045,Bananas,72,Eastleigh,M-PESA,34.52386752398725
V025,2024-12-24 21:41:12.395045,Maize,74,Zimmerman,Cash,49.05422825139155
V033,2024-12-24 21:41:12.395045,Potatoes,60,Eastleigh,M-PESA,38.28652906118289
V034,2024-12-24 21:41:12.395045,Tomatoes,77,Eastleigh,Cash,81.62459269613345
V038,2024-12-24 21:41:12.395045,Cabbage,98,Nairobi CBD,M-PESA,41.20447339996566
V039,2024-12-24 21:41:12.395045,Potatoes,26,Githurai,M-PESA,32.32224690901343
V043,2024-12-24 21:41:12.395045,Bananas,37,Kibera,M-PESA,26.399873767217628
V046,2024-12-24 21:41:12.395045,Cabbage,61,Karen,M-PESA,44.77416189480354
V047,2024-12-24 21:41:12.395045,Rice,56,Karen,Soko Loan,123.65080957534315
V049,2024-12-24 21:41:12.395045,Tomatoes,16,Githurai,M-PESA,85.47976198939944
V052,2024-12-24 21:41:12.395045,Potatoes,12,Kibera,Cash,34.75089872866768
V053,2024-12-24 21:41:12.395045,Tomatoes,47,Githurai,Cash,96.10864658599972
V074,2024-12-24 21:41:12.395045,Bananas,53,Kibera,Soko Loan,34.53402879382095
V075,2024-12-24 21:41:12.395045,Potatoes,57,Kasarani,M-PESA,35.105704087285034
V076,2024-12-24 21:41:12.395045,Onions,29,Githurai,M-PESA,74.95424126117504
V082,2024-12-24 21:41:12.395045,Maize,97,Kibera,Cash,54.42058219488595
V086,2024-12-24 21:41:12.395045,Potatoes,94,Kasarani,Cash,34.425773459328155
V090,2024-12-24 21:41:12.395045,Cabbage,43,Kasarani,M-PESA,40.7115567887791
V092,2024-12-24 21:41:12.395045,Tomatoes,85,Kasarani,M-PESA,94.18777643648772
V093,2024-12-24 21:41:12.395045,Bananas,72,Karen,Soko Loan,33.75133618621152
V094,2024-12-24 21:41:12.395045,Onions,99,Githurai,Soko Loan,61.63023809062038
V095,2024-12-24 21:41:12.395045,Onions,16,Kibera,M-PESA,68.94075173641426
V003,2024-12-25 21:41:12.395045,Cabbage,86,Githurai,M-PESA,40.27852240821075
V004,2024-12-25 21:41:12.395045,Bananas,66,Westlands,M-PESA,34.656389752668005
V011,2024-12-25 21:41:12.395045,Rice,82,Githurai,M-PESA,117.13192351972411
V017,2024-12-25 21:41:12.395045,Bananas,49,Westlands,Soko Loan,31.300931268616633
V017,2024-12-25 21:41:12.395045,Tomatoes,67,Westlands,M-PESA,80.98441829081523
V017,2024-12-25 21:41:12.395045,Maize,33,Githurai,M-PESA,47.408038160731735
V024,2024-12-25 21:41:12.395045,Bananas,48,Kasarani,Cash,30.13707855215305
V026,2024-12-25 21:41:12.395045,Onions,32,Zimmerman,M-PESA,69.41503315738213
V032,2024-12-25 21:41:12.395045,Rice,13,Nairobi CBD,Soko Loan,112.93390228030363
V035,2024-12-25 21:41:12.395045,Onions,61,Westlands,Soko Loan,68.74695328649375
V036,2024-12-25 21:41:12.395045,Rice,33,Karen,Cash,115.50478362074017
V042,2024-12-25 21:41:12.395045,Rice,14,Nairobi CBD,Soko Loan,127.79826752725725
V042,2024-12-25 21:41:12.395045,Rice,18,Zimmerman,Cash,112.76250586280494
V046,2024-12-25 21:41:12.395045,Bananas,14,Westlands,Soko Loan,26.51445521935357
V048,2024-12-25 21:41:12.395045,Onions,23,Eastleigh,Soko Loan,61.88324684847716
V048,2024-12-25 21:41:12.395045,Maize,61,Zimmerman,M-PESA,54.40880169559205
V051,2024-12-25 21:41:12.395045,Maize,85,Eastleigh,Cash,46.00245563722876
V053,2024-12-25 21:41:12.395045,Tomatoes,65,Zimmerman,M-PESA,83.6967679589405
V054,2024-12-25 21:41:12.395045,Maize,59,Westlands,Bank Transfer,48.96312625498221
V058,2024-12-25 21:41:12.395045,Potatoes,63,Karen,Soko Loan,30.98007684780741
V060,2024-12-25 21:41:12.395045,Bananas,68,Kasarani,Cash,25.113025365890223
V060,2024-12-25 21:41:12.395045,Onions,36,Eastleigh,Soko Loan,74.03905872372839
V071,2024-12-25 21:41:12.395045,Tomatoes,36,Githurai,M-PESA,93.65064919075444
V075,2024-12-25 21:41:12.395045,Onions,68,Kibera,M-PESA,71.31854041808604
V083,2024-12-25 21:41:12.395045,Onions,42,Westlands,M-PESA,64.87816794414317
V086,2024-12-25 21:41:12.395045,Cabbage,85,Karen,Cash,47.12137045880605
V087,2024-12-25 21:41:12.395045,Onions,61,Nairobi CBD,Soko Loan,66.59783459570752
V087,2024-12-25 21:41:12.395045,Tomatoes,32,Githurai,M-PESA,82.97013563287362
V089,2024-12-25 21:41:12.395045,Tomatoes,90,Eastleigh,M-PESA,89.57056739839045
V093,2024-12-25 21:41:12.395045,Potatoes,12,Eastleigh,M-PESA,38.32363539660995
V095,2024-12-25 21:41:12.395045,Cabbage,28,Westlands,M-PESA,49.22434283656125
V095,2024-12-25 21:41:12.395045,Onions,52,Githurai,Cash,62.97966865346109
V096,2024-12-25 21:41:12.395045,Potatoes,67,Kibera,Cash,35.41270110941678
V096,2024-12-25 21:41:12.395045,Maize,51,Westlands,Cash,49.96239221900814
V097,2024-12-25 21:41:12.395045,Tomatoes,93,Kasarani,Soko Loan,86.63943009471691
V097,2024-12-25 21:41:12.395045,Tomatoes,73,Nairobi CBD,M-PESA,99.95498778020401
V010,2024-12-26 21:41:12.395045,Onions,24,Kasarani,M-PESA,60.160729465430386
V018,2024-12-26 21:41:12.395045,Tomatoes,38,Eastleigh,M-PESA,82.70919073589381
V019,2024-12-26 21:41:12.395045,Bananas,98,Zimmerman,M-PESA,33.02396030553633
V021,2024-12-26 21:41:12.395045,Potatoes,19,Zimmerman,Soko Loan,39.11339190078631
V022,2024-12-26 21:41:12.395045,Rice,90,Kasarani,Soko Loan,112.46567558597894
V023,2024-12-26 21:41:12.395045,Cabbage,43,Kasarani,M-PESA,47.78046306483199
V027,2024-12-26 21:41:12.395045,Cabbage,89,Githurai,Bank Transfer,45.48145202728022
V029,2024-12-26 21:41:12.395045,Potatoes,62,Eastleigh,Soko Loan,35.54731803282354
V030,2024-12-26 21:41:12.395045,Maize,9,Nairobi CBD,M-PESA,48.97793440929098
V033,2024-12-26 21:41:12.395045,Onions,20,Karen,M-PESA,70.1349435331061
V033,2024-12-26 21:41:12.395045,Onions,5,Zimmerman,Cash,71.77595881569647
V051,2024-12-26 21:41:12.395045,Potatoes,99,Nairobi CBD,Soko Loan,30.50416773602209
V061,2024-12-26 21:41:12.395045,Potatoes,53,Githurai,M-PESA,38.83273601426224
V063,2024-12-26 21:41:12.395045,Bananas,63,Karen,Soko Loan,33.056488053633416
V071,2024-12-26 21:41:12.395045,Cabbage,15,Westlands,M-PESA,46.971636921379805
V078,2024-12-26 21:41:12.395045,Maize,27,Eastleigh,Soko Loan,47.68797615030198
V081,2024-12-26 21:41:12.395045,Cabbage,29,Githurai,Cash,44.17394782329148
V083,2024-12-26 21:41:12.395045,Tomatoes,21,Githurai,Soko Loan,86.12830898702073
V090,2024-12-26 21:41:12.395045,Maize,76,Kasarani,Cash,47.260790710105624
V090,2024-12-26 21:41:12.395045,Tomatoes,25,Westlands,M-PESA,93.30111978013262
V090,2024-12-26 21:41:12.395045,Onions,10,Zimmerman,Soko Loan,62.656233830959344
V093,2024-12-26 21:41:12.395045,Cabbage,99,Zimmerman,M-PESA,45.14461327739894
V093,2024-12-26 21:41:12.395045,Rice,64,Eastleigh,M-PESA,112.53648045100837
V094,2024-12-26 21:41:12.395045,Rice,92,Eastleigh,M-PESA,120.1778814013976
V095,2024-12-26 21:41:12.395045,Potatoes,35,Karen,Soko Loan,37.34365676492219
V100,2024-12-26 21:41:12.395045,Tomatoes,11,Karen,Soko Loan,99.31494419639495
V001,2024-12-27 21:41:12.395045,Potatoes,64,Eastleigh,M-PESA,30.4869484839993
V002,2024-12-27 21:41:12.395045,Onions,50,Westlands,Cash,74.87299163741079
V006,2024-12-27 21:41:12.395045,Onions,74,Westlands,Cash,69.0271010091817
V010,2024-12-27 21:41:12.395045,Potatoes,30,Kibera,M-PESA,36.949531193430474
V012,2024-12-27 21:41:12.395045,Maize,96,Githurai,M-PESA,49.15818568018411
V016,2024-12-27 21:41:12.395045,Bananas,70,Eastleigh,Cash,29.003128361729942
V018,2024-12-27 21:41:12.395045,Bananas,96,Westlands,Soko Loan,30.205438373048583
V019,2024-12-27 21:41:12.395045,Cabbage,78,Karen,Soko Loan,43.87274411424841
V020,2024-12-27 21:41:12.395045,Potatoes,51,Karen,Soko Loan,33.15773151249496
V023,2024-12-27 21:41:12.395045,Bananas,15,Karen,Bank Transfer,27.881845259595295
V031,2024-12-27 21:41:12.395045,Tomatoes,34,Kasarani,Soko Loan,93.43417718488121
V033,2024-12-27 21:41:12.395045,Potatoes,83,Kasarani,Bank Transfer,36.59505981651327
V038,2024-12-27 21:41:12.395045,Onions,23,Zimmerman,M-PESA,63.50611188055117
V041,2024-12-27 21:41:12.395045,Onions,21,Githurai,M-PESA,69.61448292148137
V048,2024-12-27 21:41:12.395045,Cabbage,83,Eastleigh,Soko Loan,41.56201507930599
V055,2024-12-27 21:41:12.395045,Potatoes,92,Karen,M-PESA,30.239462652704834
V058,2024-12-27 21:41:12.395045,Onions,44,Eastleigh,Soko Loan,72.88047181866861
V060,2024-12-27 21:41:12.395045,Cabbage,95,Kasarani,Bank Transfer,40.25769598764351
V062,2024-12-27 21:41:12.395045,Onions,11,Westlands,Soko Loan,60.67495231853137
V063,2024-12-27 21:41:12.395045,Rice,61,Nairobi CBD,Cash,117.65568200806081
V063,2024-12-27 21:41:12.395045,Onions,51,Nairobi CBD,Cash,61.63520423461393
V066,2024-12-27 21:41:12.395045,Cabbage,17,Westlands,Cash,49.86895945388298
V067,2024-12-27 21:41:12.395045,Onions,47,Karen,Cash,73.66239397029473
V068,2024-12-27 21:41:12.395045,Tomatoes,24,Westlands,M-PESA,94.03476547754514
V069,2024-12-27 21:41:12.395045,Tomatoes,76,Karen,M-PESA,88.30886001184179
V074,2024-12-27 21:41:12.395045,Maize,97,Kibera,M-PESA,47.196349285945686
V075,2024-12-27 21:41:12.395045,Cabbage,29,Kibera,M-PESA,47.42271392252287
V079,2024-12-27 21:41:12.395045,Maize,36,Nairobi CBD,Bank Transfer,45.162003973394675
V081,2024-12-27 21:41:12.395045,Rice,67,Kasarani,Cash,123.38438059849733
V099,2024-12-27 21:41:12.395045,Potatoes,38,Eastleigh,M-PESA,32.0408766115576
V002,2024-12-28 21:41:12.395045,Maize,86,Nairobi CBD,Bank Transfer,49.09672869292519
V004,2024-12-28 21:41:12.395045,Potatoes,79,Eastleigh,Cash,30.50573103824229
V012,2024-12-28 21:41:12.395045,Rice,45,Karen,Soko Loan,121.93890446826344
V014,2024-12-28 21:41:12.395045,Bananas,43,Eastleigh,Soko Loan,29.83232075875435
V015,2024-12-28 21:41:12.395045,Bananas,90,Eastleigh,Soko Loan,30.411138248788447
V017,2024-12-28 21:41:12.395045,Rice,26,Githurai,Cash,119.66588569932651
V019,2024-12-28 21:41:12.395045,Tomatoes,64,Kibera,M-PESA,83.92491433412332
V021,2024-12-28 21:41:12.395045,Rice,25,Kasarani,Cash,122.07057613002242
V025,2024-12-28 21:41:12.395045,Rice,18,Karen,M-PESA,114.97079641854852
V026,2024-12-28 21:41:12.395045,Tomatoes,37,Githurai,M-PESA,83.54307046445251
V028,2024-12-28 21:41:12.395045,Potatoes,97,Karen,Soko Loan,34.51739475981444
V036,2024-12-28 21:41:12.395045,Potatoes,10,Kibera,Soko Loan,32.613330178853836
V038,2024-12-28 21:41:12.395045,Cabbage,37,Kibera,M-PESA,42.41165214307762
V039,2024-12-28 21:41:12.395045,Cabbage,44,Eastleigh,M-PESA,45.04455941669355
V048,2024-12-28 21:41:12.395045,Maize,56,Nairobi CBD,M-PESA,54.5672043388935
V054,2024-12-28 21:41:12.395045,Bananas,28,Eastleigh,Cash,30.41374420907438
V056,2024-12-28 21:41:12.395045,Cabbage,34,Eastleigh,M-PESA,49.002641112020704
V060,2024-12-28 21:41:12.395045,Cabbage,28,Githurai,Cash,40.58565305284534
V060,2024-12-28 21:41:12.395045,Rice,13,Kasarani,Soko Loan,119.21796676413163
V065,2024-12-28 21:41:12.395045,Rice,14,Karen,Cash,118.22380951738982
V066,2024-12-28 21:41:12.395045,Onions,51,Westlands,Soko Loan,73.46902940165606
V080,2024-12-28 21:41:12.395045,Rice,52,Karen,Bank Transfer,117.98665160398446
V086,2024-12-28 21:41:12.395045,Potatoes,66,Nairobi CBD,M-PESA,38.9657465846901
V087,2024-12-28 21:41:12.395045,Potatoes,5,Westlands,Cash,32.719545593981984
V087,2024-12-28 21:41:12.395045,Rice,5,Nairobi CBD,M-PESA,117.10878674728123
V090,2024-12-28 21:41:12.395045,Onions,42,Kibera,Cash,60.59087750539229
V092,2024-12-28 21:41:12.395045,Bananas,39,Kibera,Soko Loan,31.48765386159386
V099,2024-12-28 21:41:12.395045,Rice,59,Westlands,Soko Loan,119.96259887096085
V099,2024-12-28 21:41:12.395045,Rice,88,Karen,Cash,114.1766187098918
V100,2024-12-28 21:41:12.395045,Bananas,38,Nairobi CBD,Soko Loan,33.906584554618426
V008,2024-12-29 21:41:12.395045,Onions,27,Nairobi CBD,Cash,74.64841534984356
V012,2024-12-29 21:41:12.395045,Potatoes,67,Karen,Soko Loan,37.14718833502036
V012,2024-12-29 21:41:12.395045,Onions,42,Nairobi CBD,Soko Loan,74.39686530607275
V019,2024-12-29 21:41:12.395045,Onions,14,Eastleigh,Cash,64.72377666883344
V022,2024-12-29 21:41:12.395045,Rice,91,Westlands,M-PESA,128.7705956694626
V022,2024-12-29 21:41:12.395045,Onions,89,Zimmerman,Soko Loan,71.99675046668675
V024,2024-12-29 21:41:12.395045,Rice,34,Kasarani,M-PESA,111.14053828007239
V024,2024-12-29 21:41:12.395045,Tomatoes,73,Zimmerman,Soko Loan,87.66794282116518
V025,2024-12-29 21:41:12.395045,Potatoes,59,Kibera,Cash,36.8931041210269
V032,2024-12-29 21:41:12.395045,Tomatoes,73,Kibera,Cash,98.04806552221349
V033,2024-12-29 21:41:12.395045,Tomatoes,7,Karen,M-PESA,96.08331129967769
V033,2024-12-29 21:41:12.395045,Onions,80,Kasarani,Soko Loan,61.68885699793792
V035,2024-12-29 21:41:12.395045,Potatoes,12,Nairobi CBD,M-PESA,38.26064684548285
V044,2024-12-29 21:41:12.395045,Bananas,25,Zimmerman,M-PESA,26.30973742994174
V046,2024-12-29 21:41:12.395045,Maize,15,Karen,Soko Loan,54.07041960415022
V046,2024-12-29 21:41:12.395045,Maize,23,Westlands,M-PESA,51.31375977643377
V047,2024-12-29 21:41:12.395045,Onions,36,Eastleigh,Soko Loan,61.26191493389074
V051,2024-12-29 21:41:12.395045,Tomatoes,18,Eastleigh,Cash,98.97961334094003
V054,2024-12-29 21:41:12.395045,Onions,79,Westlands,Soko Loan,72.14886630454349
V058,2024-12-29 21:41:12.395045,Rice,20,Eastleigh,M-PESA,120.11393487562748
V059,2024-12-29 21:41:12.395045,Tomatoes,89,Westlands,Soko Loan,80.45129023410695
V060,2024-12-29 21:41:12.395045,Onions,28,Kibera,Cash,64.0226155161737
V061,2024-12-29 21:41:12.395045,Rice,88,Kasarani,Bank Transfer,121.5012114691763
V062,2024-12-29 21:41:12.395045,Onions,86,Karen,Soko Loan,71.35924467413251
V065,2024-12-29 21:41:12.395045,Onions,75,Kasarani,M-PESA,74.73781908384058
V066,2024-12-29 21:41:12.395045,Potatoes,36,Kasarani,Soko Loan,37.68581330913202
V076,2024-12-29 21:41:12.395045,Potatoes,25,Eastleigh,Soko Loan,38.49098019958676
V080,2024-12-29 21:41:12.395045,Tomatoes,18,Westlands,Cash,90.01158634861662
V084,2024-12-29 21:41:12.395045,Cabbage,64,Eastleigh,Cash,40.80580812286514
V086,2024-12-29 21:41:12.395045,Maize,45,Eastleigh,Soko Loan,51.31458792583021
V086,2024-12-29 21:41:12.395045,Potatoes,31,Westlands,Bank Transfer,31.425565550331157
V087,2024-12-29 21:41:12.395045,Bananas,7,Westlands,M-PESA,28.832153659472517
V088,2024-12-29 21:41:12.395045,Potatoes,94,Karen,M-PESA,30.681866197654628
V092,2024-12-29 21:41:12.395045,Tomatoes,77,Githurai,Soko Loan,81.24862654555561
V095,2024-12-29 21:41:12.395045,Rice,39,Karen,M-PESA,128.16037090843324
V100,2024-12-29 21:41:12.395045,Onions,16,Zimmerman,M-PESA,70.16318707775663
V003,2024-12-30 21:41:12.395045,Maize,58,Zimmerman,M-PESA,46.8987532909592
V004,2024-12-30 21:41:12.395045,Cabbage,68,Westlands,Cash,46.596902729304745
V004,2024-12-30 21:41:12.395045,Maize,67,Nairobi CBD,M-PESA,53.539428821418525
V007,2024-12-30 21:41:12.395045,Cabbage,56,Eastleigh,Bank Transfer,42.338128330930644
V008,2024-12-30 21:41:12.395045,Cabbage,9,Zimmerman,M-PESA,42.40531585180149
V008,2024-12-30 21:41:12.395045,Bananas,22,Kasarani,M-PESA,34.38064139568131
V015,2024-12-30 21:41:12.395045,Onions,57,Westlands,Soko Loan,66.27217182244199
V019,2024-12-30 21:41:12.395045,Rice,51,Zimmerman,Soko Loan,118.59346726710297
V022,2024-12-30 21:41:12.395045,Onions,97,Kibera,M-PESA,71.94660842285217
V023,2024-12-30 21:41:12.395045,Maize,54,Kibera,Soko Loan,54.884209939634815
V023,2024-12-30 21:41:12.395045,Maize,73,Westlands,M-PESA,45.969656709654245
V024,2024-12-30 21:41:12.395045,Maize,5,Kibera,Soko Loan,52.60160929790159
V026,2024-12-30 21:41:12.395045,Onions,53,Zimmerman,Soko Loan,74.91495454028572
V028,2024-12-30 21:41:12.395045,Bananas,71,Westlands,M-PESA,28.559577734706405
V032,2024-12-30 21:41:12.395045,Cabbage,50,Westlands,Soko Loan,45.565784285021536
V036,2024-12-30 21:41:12.395045,Rice,48,Kibera,M-PESA,113.7839158478071
V039,2024-12-30 21:41:12.395045,Rice,93,Eastleigh,Soko Loan,124.57312568473205
V044,2024-12-30 21:41:12.395045,Tomatoes,14,Karen,Cash,86.47060824970983
V045,2024-12-30 21:41:12.395045,Onions,76,Nairobi CBD,M-PESA,70.37483477799812
V047,2024-12-30 21:41:12.395045,Tomatoes,53,Kasarani,M-PESA,81.60211453219205
V049,2024-12-30 21:41:12.395045,Bananas,56,Kibera,M-PESA,30.771170823879064
V051,2024-12-30 21:41:12.395045,Onions,53,Nairobi CBD,Bank Transfer,61.01407124208575
V051,2024-12-30 21:41:12.395045,Maize,76,Githurai,M-PESA,48.37330608845765
V053,2024-12-30 21:41:12.395045,Rice,18,Nairobi CBD,M-PESA,123.42186314171953
V054,2024-12-30 21:41:12.395045,Maize,20,Karen,M-PESA,53.58506454551554
V055,2024-12-30 21:41:12.395045,Cabbage,74,Eastleigh,Soko Loan,41.6336675839842
V058,2024-12-30 21:41:12.395045,Bananas,65,Kasarani,M-PESA,33.259323085500164
V060,2024-12-30 21:41:12.395045,Tomatoes,62,Zimmerman,Bank Transfer,97.45718843131328
V064,2024-12-30 21:41:12.395045,Onions,68,Githurai,M-PESA,65.3209283509532
V067,2024-12-30 21:41:12.395045,Onions,18,Zimmerman,M-PESA,62.1520418552703
V069,2024-12-30 21:41:12.395045,Rice,22,Kasarani,M-PESA,116.4080257228043
V077,2024-12-30 21:41:12.395045,Bananas,40,Nairobi CBD,Soko Loan,26.238460267058173
V081,2024-12-30 21:41:12.395045,Onions,21,Karen,Bank Transfer,67.69312113457902
V084,2024-12-30 21:41:12.395045,Tomatoes,46,Eastleigh,M-PESA,80.57304855155309
V085,2024-12-30 21:41:12.395045,Cabbage,80,Kasarani,M-PESA,45.07757838188569
V001,2024-12-31 21:41:12.395045,Rice,60,Kibera,Soko Loan,112.40727152419971
V002,2024-12-31 21:41:12.395045,Cabbage,6,Zimmerman,Soko Loan,42.659284506321185
V004,2024-12-31 21:41:12.395045,Maize,13,Kibera,M-PESA,53.7430733413708
V005,2024-12-31 21:41:12.395045,Cabbage,45,Kasarani,Bank Transfer,44.44183406878366
V005,2024-12-31 21:41:12.395045,Potatoes,7,Kasarani,Soko Loan,31.598797633664415
V008,2024-12-31 21:41:12.395045,Tomatoes,34,Karen,Bank Transfer,88.36779066756667
V019,2024-12-31 21:41:12.395045,Maize,91,Kibera,Soko Loan,52.45214742690835
V023,2024-12-31 21:41:12.395045,Onions,82,Zimmerman,Bank Transfer,74.68727332650923
V023,2024-12-31 21:41:12.395045,Potatoes,32,Eastleigh,Bank Transfer,31.901287663187055
V025,2024-12-31 21:41:12.395045,Bananas,23,Kibera,M-PESA,31.098127615481168
V027,2024-12-31 21:41:12.395045,Cabbage,38,Kasarani,Cash,45.95366370156873
V029,2024-12-31 21:41:12.395045,Rice,23,Westlands,M-PESA,112.66019597814658
V038,2024-12-31 21:41:12.395045,Maize,43,Westlands,Soko Loan,53.23997651879978
V039,2024-12-31 21:41:12.395045,Onions,77,Eastleigh,Cash,73.9912940859047
V044,2024-12-31 21:41:12.395045,Rice,13,Karen,Cash,116.12865645406742
V048,2024-12-31 21:41:12.395045,Bananas,74,Githurai,M-PESA,25.209341178267334
V048,2024-12-31 21:41:12.395045,Cabbage,73,Eastleigh,M-PESA,43.9593722619595
V049,2024-12-31 21:41:12.395045,Potatoes,8,Kibera,Soko Loan,38.799146267270146
V050,2024-12-31 21:41:12.395045,Onions,72,Eastleigh,Soko Loan,72.4306347572701
V050,2024-12-31 21:41:12.395045,Maize,49,Westlands,Soko Loan,52.06371996809996
V053,2024-12-31 21:41:12.395045,Bananas,87,Githurai,Cash,25.54732706924986
V054,2024-12-31 21:41:12.395045,Tomatoes,37,Nairobi CBD,Soko Loan,92.10179037081076
V057,2024-12-31 21:41:12.395045,Rice,51,Githurai,Soko Loan,122.50660339908907
V058,2024-12-31 21:41:12.395045,Onions,73,Nairobi CBD,M-PESA,63.15160789368528
V062,2024-12-31 21:41:12.395045,Bananas,93,Zimmerman,Cash,28.531028889383894
V067,2024-12-31 21:41:12.395045,Maize,52,Githurai,M-PESA,49.05325360646953
V083,2024-12-31 21:41:12.395045,Onions,95,Nairobi CBD,M-PESA,63.145354161453014
V087,2024-12-31 21:41:12.395045,Potatoes,67,Kibera,M-PESA,35.645906389334634
V088,2024-12-31 21:41:12.395045,Bananas,47,Nairobi CBD,Soko Loan,31.00912005659086
V089,2024-12-31 21:41:12.395045,Potatoes,90,Eastleigh,M-PESA,32.4997289086883
V092,2024-12-31 21:41:12.395045,Bananas,64,Githurai,M-PESA,28.057439574472912
V093,2024-12-31 21:41:12.395045,Bananas,22,Zimmerman,Cash,27.52311927069687
V093,2024-12-31 21:41:12.395045,Tomatoes,14,Zimmerman,Cash,97.76382699322608
V096,2024-12-31 21:41:12.395045,Maize,77,Kasarani,M-PESA,53.65562383172204
V097,2024-12-31 21:41:12.395045,Cabbage,41,Nairobi CBD,Cash,44.00704166834467
V005,2025-01-01 21:41:12.395045,Tomatoes,95,Kasarani,Soko Loan,87.53733760694377
V008,2025-01-01 21:41:12.395045,Onions,82,Zimmerman,Soko Loan,60.8532209666647
V009,2025-01-01 21:41:12.395045,Maize,35,Kasarani,M-PESA,51.17105944428656
V009,2025-01-01 21:41:12.395045,Bananas,62,Kasarani,Cash,34.13041466889856
V012,2025-01-01 21:41:12.395045,Bananas,13,Nairobi CBD,Cash,34.49273106245617
V024,2025-01-01 21:41:12.395045,Maize,31,Nairobi CBD,M-PESA,48.95155297472305
V024,2025-01-01 21:41:12.395045,Cabbage,16,Kasarani,Soko Loan,47.3087034577616
V030,2025-01-01 21:41:12.395045,Maize,5,Zimmerman,Soko Loan,54.545659288588105
V034,2025-01-01 21:41:12.395045,Onions,45,Githurai,Bank Transfer,60.597171591686305
V036,2025-01-01 21:41:12.395045,Cabbage,38,Nairobi CBD,Soko Loan,42.6116243251086
V036,2025-01-01 21:41:12.395045,Onions,25,Nairobi CBD,Soko Loan,62.88024127110055
V037,2025-01-01 21:41:12.395045,Onions,77,Kasarani,M-PESA,64.28438982843365
V040,2025-01-01 21:41:12.395045,Onions,25,Zimmerman,Soko Loan,73.10427793105823
V044,2025-01-01 21:41:12.395045,Tomatoes,24,Zimmerman,M-PESA,81.11481707174883
V053,2025-01-01 21:41:12.395045,Bananas,20,Zimmerman,Soko Loan,27.139946786983135
V054,2025-01-01 21:41:12.395045,Potatoes,32,Nairobi CBD,Soko Loan,35.49868562776205
V056,2025-01-01 21:41:12.395045,Potatoes,42,Westlands,Soko Loan,33.169426217672815
V058,2025-01-01 21:41:12.395045,Maize,46,Nairobi CBD,Soko Loan,54.09252694436992
V062,2025-01-01 21:41:12.395045,Onions,23,Githurai,M-PESA,67.29260481157324
V062,2025-01-01 21:41:12.395045,Tomatoes,50,Eastleigh,M-PESA,82.38281343992097
V063,2025-01-01 21:41:12.395045,Onions,44,Kibera,Soko Loan,63.1547783442869
V064,2025-01-01 21:41:12.395045,Maize,96,Zimmerman,M-PESA,52.350251861898236
V072,2025-01-01 21:41:12.395045,Maize,32,Kibera,Soko Loan,53.96995289364411
V072,2025-01-01 21:41:12.395045,Bananas,89,Karen,Cash,29.754757152327336
V073,2025-01-01 21:41:12.395045,Rice,57,Westlands,Bank Transfer,120.80598813523
V076,2025-01-01 21:41:12.395045,Rice,65,Githurai,M-PESA,125.12507582844869
V079,2025-01-01 21:41:12.395045,Maize,80,Nairobi CBD,M-PESA,47.34754421724971
V081,2025-01-01 21:41:12.395045,Rice,52,Zimmerman,Soko Loan,120.88397325007405
V084,2025-01-01 21:41:12.395045,Maize,52,Nairobi CBD,Soko Loan,51.37774141845591
V084,2025-01-01 21:41:12.395045,Bananas,74,Kasarani,M-PESA,28.341927141731098
V090,2025-01-01 21:41:12.395045,Maize,43,Karen,Cash,45.98424189101369
V096,2025-01-01 21:41:12.395045,Cabbage,30,Githurai,M-PESA,41.76896950823984
V098,2025-01-01 21:41:12.395045,Bananas,5,Kasarani,Soko Loan,28.45579585870813
V100,2025-01-01 21:41:12.395045,Rice,91,Westlands,Cash,116.74908557928458
V002,2025-01-02 21:41:12.395045,Potatoes,75,Eastleigh,M-PESA,38.05430043045979
V002,2025-01-02 21:41:12.395045,Potatoes,62,Githurai,Soko Loan,39.45924644032087
V004,2025-01-02 21:41:12.395045,Onions,53,Kibera,Soko Loan,66.45803731369556
V008,2025-01-02 21:41:12.395045,Tomatoes,55,Eastleigh,M-PESA,87.55678427454373
V010,2025-01-02 21:41:12.395045,Potatoes,55,Nairobi CBD,Cash,31.790316374415838
V010,2025-01-02 21:41:12.395045,Rice,34,Nairobi CBD,Soko Loan,119.8591394331172
V012,2025-01-02 21:41:12.395045,Bananas,19,Kasarani,M-PESA,31.154207798208354
V012,2025-01-02 21:41:12.395045,Cabbage,44,Kibera,M-PESA,40.87446501799885
V013,2025-01-02 21:41:12.395045,Maize,19,Kasarani,Cash,51.791625683195626
V014,2025-01-02 21:41:12.395045,Tomatoes,27,Githurai,Soko Loan,83.93376394625646
V017,2025-01-02 21:41:12.395045,Tomatoes,94,Zimmerman,Cash,92.51363824522706
V017,2025-01-02 21:41:12.395045,Bananas,55,Nairobi CBD,Soko Loan,33.66035675045757
V021,2025-01-02 21:41:12.395045,Maize,93,Nairobi CBD,Soko Loan,48.316168491078336
V022,2025-01-02 21:41:12.395045,Maize,90,Kibera,Cash,48.45806098410425
V025,2025-01-02 21:41:12.395045,Bananas,78,Westlands,M-PESA,30.117804565694808
V027,2025-01-02 21:41:12.395045,Rice,43,Westlands,M-PESA,123.49786406108309
V028,2025-01-02 21:41:12.395045,Bananas,11,Kibera,Cash,26.09863113740783
V030,2025-01-02 21:41:12.395045,Maize,30,Nairobi CBD,Soko Loan,51.58102218056492
V042,2025-01-02 21:41:12.395045,Cabbage,31,Eastleigh,Cash,43.10308482104548
V047,2025-01-02 21:41:12.395045,Rice,96,Karen,Bank Transfer,116.57645235697218
V047,2025-01-02 21:41:12.395045,Onions,25,Eastleigh,M-PESA,71.63257945078499
V047,2025-01-02 21:41:12.395045,Potatoes,57,Kibera,M-PESA,38.082682112162786
V049,2025-01-02 21:41:12.395045,Rice,37,Nairobi CBD,Soko Loan,125.68810946425594
V051,2025-01-02 21:41:12.395045,Bananas,74,Karen,Cash,30.845431132594584
V052,2025-01-02 21:41:12.395045,Onions,7,Githurai,Soko Loan,62.14922188053961
V058,2025-01-02 21:41:12.395045,Onions,96,Westlands,Soko Loan,64.444887028497
V059,2025-01-02 21:41:12.395045,Rice,79,Zimmerman,Cash,114.74966610338768
V066,2025-01-02 21:41:12.395045,Rice,13,Kasarani,Cash,114.7813276815006
V070,2025-01-02 21:41:12.395045,Onions,79,Westlands,Cash,74.36447469408881
V074,2025-01-02 21:41:12.395045,Maize,8,Karen,M-PESA,50.75593428640082
V077,2025-01-02 21:41:12.395045,Maize,19,Karen,Bank Transfer,54.91962747238643
V079,2025-01-02 21:41:12.395045,Potatoes,92,Eastleigh,M-PESA,35.63919566755624
V090,2025-01-02 21:41:12.395045,Bananas,25,Githurai,Cash,29.838025398606472
V092,2025-01-02 21:41:12.395045,Potatoes,7,Kasarani,M-PESA,37.833872199958385
V098,2025-01-02 21:41:12.395045,Cabbage,58,Karen,M-PESA,41.182186222910886
V098,2025-01-02 21:41:12.395045,Bananas,39,Eastleigh,Soko Loan,30.059316543195585
V001,2025-01-03 21:41:12.395045,Rice,36,Kasarani,Bank Transfer,128.919417796912
V002,2025-01-03 21:41:12.395045,Onions,45,Nairobi CBD,M-PESA,65.7318524168996
V004,2025-01-03 21:41:12.395045,Potatoes,56,Kasarani,Bank Transfer,32.31475213765298
V005,2025-01-03 21:41:12.395045,Onions,62,Westlands,Soko Loan,69.06538979572157
V014,2025-01-03 21:41:12.395045,Onions,36,Githurai,Soko Loan,72.34909819020045
V021,2025-01-03 21:41:12.395045,Rice,42,Westlands,Cash,124.78938466477454
V023,2025-01-03 21:41:12.395045,Rice,21,Westlands,Soko Loan,116.30478869298902
V026,2025-01-03 21:41:12.395045,Bananas,94,Kibera,M-PESA,28.9221779343354
V037,2025-01-03 21:41:12.395045,Cabbage,86,Kasarani,Cash,42.84541385676934
V039,2025-01-03 21:41:12.395045,Rice,41,Westlands,Bank Transfer,116.85859325518392
V045,2025-01-03 21:41:12.395045,Cabbage,59,Eastleigh,M-PESA,43.523270542525395
V063,2025-01-03 21:41:12.395045,Onions,91,Githurai,M-PESA,63.244991664462404
V067,2025-01-03 21:41:12.395045,Tomatoes,70,Nairobi CBD,Soko Loan,95.38885158843114
V072,2025-01-03 21:41:12.395045,Rice,12,Zimmerman,Soko Loan,123.42541650458264
V073,2025-01-03 21:41:12.395045,Potatoes,9,Githurai,Cash,35.67390944156073
V087,2025-01-03 21:41:12.395045,Bananas,52,Westlands,Soko Loan,32.41977729513986
V093,2025-01-03 21:41:12.395045,Cabbage,28,Westlands,Cash,41.514323143699634
V095,2025-01-03 21:41:12.395045,Tomatoes,94,Githurai,Bank Transfer,94.37436226524405
V097,2025-01-03 21:41:12.395045,Maize,93,Kibera,M-PESA,50.52366137817234
V098,2025-01-03 21:41:12.395045,Cabbage,25,Kibera,Cash,40.54565408282699
V099,2025-01-03 21:41:12.395045,Tomatoes,25,Eastleigh,Cash,88.54972908180537
V099,2025-01-03 21:41:12.395045,Onions,95,Zimmerman,M-PESA,70.83099096305678
V099,2025-01-03 21:41:12.395045,Potatoes,54,Zimmerman,Cash,31.331821256675234
V004,2025-01-04 21:41:12.395045,Tomatoes,91,Karen,M-PESA,98.10597998021031
V012,2025-01-04 21:41:12.395045,Cabbage,6,Eastleigh,M-PESA,44.20011004295663
V012,2025-01-04 21:41:12.395045,Bananas,89,Githurai,Bank Transfer,32.34608300710535
V014,2025-01-04 21:41:12.395045,Tomatoes,24,Nairobi CBD,Soko Loan,80.40275697898579
V020,2025-01-04 21:41:12.395045,Bananas,52,Kibera,Cash,25.22066148682291
V025,2025-01-04 21:41:12.395045,Potatoes,92,Kasarani,M-PESA,38.20487584480275
V029,2025-01-04 21:41:12.395045,Potatoes,83,Zimmerman,Cash,37.60005544962098
V032,2025-01-04 21:41:12.395045,Maize,81,Nairobi CBD,Cash,45.69394085904183
V032,2025-01-04 21:41:12.395045,Cabbage,31,Karen,Bank Transfer,41.34576267104108
V032,2025-01-04 21:41:12.395045,Bananas,12,Zimmerman,Cash,28.4883190745863
V033,2025-01-04 21:41:12.395045,Onions,59,Karen,M-PESA,65.35788500989567
V034,2025-01-04 21:41:12.395045,Rice,68,Githurai,M-PESA,113.7055370066708
V037,2025-01-04 21:41:12.395045,Maize,31,Zimmerman,M-PESA,51.63824474852725
V042,2025-01-04 21:41:12.395045,Cabbage,72,Githurai,Bank Transfer,44.14141068215666
V043,2025-01-04 21:41:12.395045,Tomatoes,86,Westlands,Bank Transfer,81.41071275185914
V047,2025-01-04 21:41:12.395045,Bananas,40,Githurai,M-PESA,28.302846675020845
V047,2025-01-04 21:41:12.395045,Rice,58,Nairobi CBD,M-PESA,111.61230810339204
V049,2025-01-04 21:41:12.395045,Bananas,94,Zimmerman,M-PESA,25.614462901307874
V056,2025-01-04 21:41:12.395045,Potatoes,33,Githurai,Soko Loan,35.44257337015251
V058,2025-01-04 21:41:12.395045,Tomatoes,65,Zimmerman,M-PESA,92.0862596448064
V059,2025-01-04 21:41:12.395045,Bananas,55,Westlands,Cash,30.753591731290985
V062,2025-01-04 21:41:12.395045,Maize,65,Zimmerman,Cash,54.17268066577681
V066,2025-01-04 21:41:12.395045,Tomatoes,81,Githurai,M-PESA,91.73247836567326
V075,2025-01-04 21:41:12.395045,Rice,17,Kibera,Soko Loan,128.36795084163117
V079,2025-01-04 21:41:12.395045,Onions,59,Kibera,M-PESA,66.91100400362511
V080,2025-01-04 21:41:12.395045,Potatoes,53,Eastleigh,Cash,39.634799474743275
V081,2025-01-04 21:41:12.395045,Bananas,42,Eastleigh,Bank Transfer,28.42591082811132
V085,2025-01-04 21:41:12.395045,Maize,89,Kasarani,M-PESA,53.71913061280505
V085,2025-01-04 21:41:12.395045,Onions,79,Karen,Cash,69.6858756502658
V089,2025-01-04 21:41:12.395045,Maize,68,Nairobi CBD,M-PESA,45.45585157948669
V096,2025-01-04 21:41:12.395045,Potatoes,55,Nairobi CBD,M-PESA,39.34795517492783
V001,2025-01-05 21:41:12.395045,Bananas,50,Zimmerman,Cash,33.12473821044172
V001,2025-01-05 21:41:12.395045,Maize,42,Githurai,Bank Transfer,51.487471138950184
V002,2025-01-05 21:41:12.395045,Tomatoes,25,Nairobi CBD,M-PESA,87.85790217786358
V002,2025-01-05 21:41:12.395045,Rice,27,Kasarani,Soko Loan,120.50940614711786
V005,2025-01-05 21:41:12.395045,Tomatoes,14,Westlands,M-PESA,96.487008944987
V007,2025-01-05 21:41:12.395045,Rice,25,Zimmerman,M-PESA,114.62161705748993
V012,2025-01-05 21:41:12.395045,Bananas,92,Githurai,M-PESA,28.918108946171717
V015,2025-01-05 21:41:12.395045,Tomatoes,73,Westlands,M-PESA,95.04936675172989
V017,2025-01-05 21:41:12.395045,Bananas,51,Zimmerman,Soko Loan,33.79279556157007
V018,2025-01-05 21:41:12.395045,Maize,99,Nairobi CBD,M-PESA,45.06047043183978
V020,2025-01-05 21:41:12.395045,Cabbage,60,Karen,M-PESA,45.488728015426
V024,2025-01-05 21:41:12.395045,Rice,84,Githurai,M-PESA,118.65542968683638
V024,2025-01-05 21:41:12.395045,Cabbage,19,Nairobi CBD,Cash,45.16283299197674
V024,2025-01-05 21:41:12.395045,Cabbage,65,Kibera,Cash,47.96243609456387
V025,2025-01-05 21:41:12.395045,Bananas,11,Githurai,M-PESA,30.65850560313247
V027,2025-01-05 21:41:12.395045,Cabbage,99,Kibera,Soko Loan,45.56190692630012
V027,2025-01-05 21:41:12.395045,Cabbage,74,Nairobi CBD,Soko Loan,48.284386709389906
V029,2025-01-05 21:41:12.395045,Tomatoes,51,Zimmerman,M-PESA,99.228332392841
V030,2025-01-05 21:41:12.395045,Onions,55,Githurai,Soko Loan,74.63668227823399
V032,2025-01-05 21:41:12.395045,Rice,20,Kasarani,Cash,121.91359648323059
V042,2025-01-05 21:41:12.395045,Bananas,17,Zimmerman,Soko Loan,30.464585417281242
V044,2025-01-05 21:41:12.395045,Onions,83,Zimmerman,M-PESA,73.355764812829
V047,2025-01-05 21:41:12.395045,Rice,70,Zimmerman,M-PESA,122.8363903360287
V053,2025-01-05 21:41:12.395045,Bananas,31,Nairobi CBD,Soko Loan,34.206914007786196
V059,2025-01-05 21:41:12.395045,Cabbage,92,Nairobi CBD,M-PESA,46.63146248975209
V060,2025-01-05 21:41:12.395045,Cabbage,94,Westlands,M-PESA,41.602256009765064
V061,2025-01-05 21:41:12.395045,Onions,28,Eastleigh,M-PESA,71.62851808348584
V065,2025-01-05 21:41:12.395045,Tomatoes,75,Westlands,Cash,86.88183235698884
V069,2025-01-05 21:41:12.395045,Cabbage,65,Zimmerman,M-PESA,43.208545427498436
V071,2025-01-05 21:41:12.395045,Onions,21,Githurai,Cash,71.81057937223909
V071,2025-01-05 21:41:12.395045,Cabbage,42,Githurai,M-PESA,47.8189091299689
V073,2025-01-05 21:41:12.395045,Potatoes,99,Eastleigh,M-PESA,33.60474505141554
V084,2025-01-05 21:41:12.395045,Potatoes,88,Kibera,Cash,32.9765027756828
V091,2025-01-05 21:41:12.395045,Rice,9,Karen,M-PESA,114.4535215824617
V092,2025-01-05 21:41:12.395045,Bananas,89,Kasarani,Cash,29.171934185645764
V094,2025-01-05 21:41:12.395045,Bananas,23,Eastleigh,M-PESA,27.369239938967233
V096,2025-01-05 21:41:12.395045,Onions,22,Karen,M-PESA,71.4804504578706
V099,2025-01-05 21:41:12.395045,Bananas,98,Zimmerman,Soko Loan,29.26499747241861
V099,2025-01-05 21:41:12.395045,Rice,82,Githurai,Soko Loan,116.24128089304041
V001,2025-01-06 21:41:12.395045,Onions,69,Eastleigh,M-PESA,69.50567399648294
V001,2025-01-06 21:41:12.395045,Potatoes,59,Karen,Bank Transfer,33.129195480288224
V007,2025-01-06 21:41:12.395045,Maize,79,Kibera,Cash,51.72250687294195
V013,2025-01-06 21:41:12.395045,Onions,78,Eastleigh,Cash,65.8021086307782
V017,2025-01-06 21:41:12.395045,Potatoes,94,Kasarani,M-PESA,33.31352218736317
V017,2025-01-06 21:41:12.395045,Bananas,8,Karen,M-PESA,33.13723343722228
V021,2025-01-06 21:41:12.395045,Maize,59,Eastleigh,Cash,45.237077536445184
V032,2025-01-06 21:41:12.395045,Bananas,23,Zimmerman,Soko Loan,29.430337063376193
V034,2025-01-06 21:41:12.395045,Onions,68,Westlands,Soko Loan,63.49092523373328
V036,2025-01-06 21:41:12.395045,Maize,63,Westlands,Cash,46.1995294173097
V041,2025-01-06 21:41:12.395045,Maize,42,Kasarani,Bank Transfer,48.96992162207474
V042,2025-01-06 21:41:12.395045,Cabbage,98,Nairobi CBD,Bank Transfer,42.26272430003186
V048,2025-01-06 21:41:12.395045,Cabbage,28,Githurai,M-PESA,46.191727353658365
V049,2025-01-06 21:41:12.395045,Potatoes,95,Kasarani,Bank Transfer,34.15145653992746
V052,2025-01-06 21:41:12.395045,Tomatoes,54,Westlands,M-PESA,91.9712598643552
V055,2025-01-06 21:41:12.395045,Onions,64,Karen,Soko Loan,60.24888720948897
V063,2025-01-06 21:41:12.395045,Tomatoes,40,Eastleigh,Soko Loan,91.90459465438803
V070,2025-01-06 21:41:12.395045,Onions,16,Nairobi CBD,Soko Loan,60.00046078268073
V070,2025-01-06 21:41:12.395045,Rice,23,Westlands,Cash,112.61434647179514
V076,2025-01-06 21:41:12.395045,Rice,83,Kibera,M-PESA,117.16279433058288
V078,2025-01-06 21:41:12.395045,Potatoes,48,Eastleigh,Soko Loan,34.92535380714289
V080,2025-01-06 21:41:12.395045,Onions,89,Kasarani,Bank Transfer,62.564046036312725
V082,2025-01-06 21:41:12.395045,Bananas,96,Kibera,Soko Loan,31.13637902989384
V085,2025-01-06 21:41:12.395045,Potatoes,45,Eastleigh,Cash,39.88840541303663
V086,2025-01-06 21:41:12.395045,Onions,15,Eastleigh,Bank Transfer,61.84871187198827
V088,2025-01-06 21:41:12.395045,Maize,19,Kibera,M-PESA,51.41504481256251
V089,2025-01-06 21:41:12.395045,Potatoes,41,Westlands,Soko Loan,31.801586477326193
V092,2025-01-06 21:41:12.395045,Potatoes,78,Nairobi CBD,Soko Loan,31.453266924205042
V093,2025-01-06 21:41:12.395045,Onions,17,Nairobi CBD,M-PESA,65.36716874003389
